date,store,lat,lon,sales_nok,promotion
2024-01-01,Bergen Storsenter,60.3756,5.3488,0,0
2024-01-01,Oslo City,59.9241,10.7713,0,0
2024-01-01,Trondheim Torg,63.4412,10.4175,0,0
2024-01-02,Bergen Storsenter,60.3756,5.3488,55440,0
2024-01-02,Oslo City,59.9241,10.7713,85060,0
2024-01-02,Trondheim Torg,63.4412,10.4175,38100,0
2024-01-03,Bergen Storsenter,60.3756,5.3488,69030,1
2024-01-03,Oslo City,59.9241,10.7713,124990,1
2024-01-03,Trondheim Torg,63.4412,10.4175,43010,1
2024-01-04,Bergen Storsenter,60.3756,5.3488,88100,1
2024-01-04,Oslo City,59.9241,10.7713,155730,1
2024-01-04,Trondheim Torg,63.4412,10.4175,47530,1
2024-01-05,Bergen Storsenter,60.3756,5.3488,97970,1
2024-01-05,Oslo City,59.9241,10.7713,181090,1
2024-01-05,Trondheim Torg,63.4412,10.4175,48830,1
2024-01-06,Bergen Storsenter,60.3756,5.3488,123640,1
2024-01-06,Oslo City,59.9241,10.7713,157570,1
2024-01-06,Trondheim Torg,63.4412,10.4175,50870,1
2024-01-07,Bergen Storsenter,60.3756,5.3488,40320,1
2024-01-07,Oslo City,59.9241,10.7713,49910,1
2024-01-07,Trondheim Torg,63.4412,10.4175,19100,1
2024-01-08,Bergen Storsenter,60.3756,5.3488,58200,1
2024-01-08,Oslo City,59.9241,10.7713,90240,1
2024-01-08,Trondheim Torg,63.4412,10.4175,36430,1
2024-01-09,Bergen Storsenter,60.3756,5.3488,60870,1
2024-01-09,Oslo City,59.9241,10.7713,94590,1
2024-01-09,Trondheim Torg,63.4412,10.4175,31210,1
2024-01-10,Bergen Storsenter,60.3756,5.3488,76490,1
2024-01-10,Oslo City,59.9241,10.7713,118620,1
2024-01-10,Trondheim Torg,63.4412,10.4175,43840,1
2024-01-11,Bergen Storsenter,60.3756,5.3488,87430,1
2024-01-11,Oslo City,59.9241,10.7713,131990,1
2024-01-11,Trondheim Torg,63.4412,10.4175,47160,1
2024-01-12,Bergen Storsenter,60.3756,5.3488,111650,1
2024-01-12,Oslo City,59.9241,10.7713,145770,1
2024-01-12,Trondheim Torg,63.4412,10.4175,81810,1
2024-01-13,Bergen Storsenter,60.3756,5.3488,108450,1
2024-01-13,Oslo City,59.9241,10.7713,200320,1
2024-01-13,Trondheim Torg,63.4412,10.4175,78660,1
2024-01-14,Bergen Storsenter,60.3756,5.3488,39570,1
2024-01-14,Oslo City,59.9241,10.7713,59010,1
2024-01-14,Trondheim Torg,63.4412,10.4175,21550,1
2024-01-15,Bergen Storsenter,60.3756,5.3488,61630,1
2024-01-15,Oslo City,59.9241,10.7713,92370,1
2024-01-15,Trondheim Torg,63.4412,10.4175,34560,1
2024-01-16,Bergen Storsenter,60.3756,5.3488,67370,1
2024-01-16,Oslo City,59.9241,10.7713,88830,1
2024-01-16,Trondheim Torg,63.4412,10.4175,38930,1
2024-01-17,Bergen Storsenter,60.3756,5.3488,76110,1
2024-01-17,Oslo City,59.9241,10.7713,96480,1
2024-01-17,Trondheim Torg,63.4412,10.4175,40490,1
2024-01-18,Bergen Storsenter,60.3756,5.3488,83710,1
2024-01-18,Oslo City,59.9241,10.7713,97300,1
2024-01-18,Trondheim Torg,63.4412,10.4175,46480,1
2024-01-19,Bergen Storsenter,60.3756,5.3488,103430,1
2024-01-19,Oslo City,59.9241,10.7713,122780,1
2024-01-19,Trondheim Torg,63.4412,10.4175,77560,1
2024-01-20,Bergen Storsenter,60.3756,5.3488,104680,1
2024-01-20,Oslo City,59.9241,10.7713,143060,1
2024-01-20,Trondheim Torg,63.4412,10.4175,77840,1
2024-01-21,Bergen Storsenter,60.3756,5.3488,31560,1
2024-01-21,Oslo City,59.9241,10.7713,53750,1
2024-01-21,Trondheim Torg,63.4412,10.4175,20940,1
2024-01-22,Bergen Storsenter,60.3756,5.3488,56000,1
2024-01-22,Oslo City,59.9241,10.7713,87920,1
2024-01-22,Trondheim Torg,63.4412,10.4175,54160,1
2024-01-23,Bergen Storsenter,60.3756,5.3488,66380,1
2024-01-23,Oslo City,59.9241,10.7713,96420,1
2024-01-23,Trondheim Torg,63.4412,10.4175,47670,1
2024-01-24,Bergen Storsenter,60.3756,5.3488,70200,1
2024-01-24,Oslo City,59.9241,10.7713,103830,1
2024-01-24,Trondheim Torg,63.4412,10.4175,44470,1
2024-01-25,Bergen Storsenter,60.3756,5.3488,71530,1
2024-01-25,Oslo City,59.9241,10.7713,116810,1
2024-01-25,Trondheim Torg,63.4412,10.4175,56430,1
2024-01-26,Bergen Storsenter,60.3756,5.3488,103560,1
2024-01-26,Oslo City,59.9241,10.7713,144350,1
2024-01-26,Trondheim Torg,63.4412,10.4175,78150,1
2024-01-27,Bergen Storsenter,60.3756,5.3488,90780,1
2024-01-27,Oslo City,59.9241,10.7713,158710,1
2024-01-27,Trondheim Torg,63.4412,10.4175,65770,1
2024-01-28,Bergen Storsenter,60.3756,5.3488,25050,0
2024-01-28,Oslo City,59.9241,10.7713,47070,0
2024-01-28,Trondheim Torg,63.4412,10.4175,25370,0
2024-01-29,Bergen Storsenter,60.3756,5.3488,48680,0
2024-01-29,Oslo City,59.9241,10.7713,91650,0
2024-01-29,Trondheim Torg,63.4412,10.4175,40070,0
2024-01-30,Bergen Storsenter,60.3756,5.3488,52420,0
2024-01-30,Oslo City,59.9241,10.7713,81190,1
2024-01-30,Trondheim Torg,63.4412,10.4175,50650,1
2024-01-31,Bergen Storsenter,60.3756,5.3488,58310,0
2024-01-31,Oslo City,59.9241,10.7713,76760,0
2024-01-31,Trondheim Torg,63.4412,10.4175,29720,0
2024-02-01,Bergen Storsenter,60.3756,5.3488,47580,0
2024-02-01,Oslo City,59.9241,10.7713,83860,0
2024-02-01,Trondheim Torg,63.4412,10.4175,36450,0
2024-02-02,Bergen Storsenter,60.3756,5.3488,82800,0
2024-02-02,Oslo City,59.9241,10.7713,126680,0
2024-02-02,Trondheim Torg,63.4412,10.4175,53600,0
2024-02-03,Bergen Storsenter,60.3756,5.3488,96910,0
2024-02-03,Oslo City,59.9241,10.7713,134640,0
2024-02-03,Trondheim Torg,63.4412,10.4175,51770,0
2024-02-04,Bergen Storsenter,60.3756,5.3488,27270,0
2024-02-04,Oslo City,59.9241,10.7713,39120,0
2024-02-04,Trondheim Torg,63.4412,10.4175,17870,0
2024-02-05,Bergen Storsenter,60.3756,5.3488,53550,0
2024-02-05,Oslo City,59.9241,10.7713,73080,0
2024-02-05,Trondheim Torg,63.4412,10.4175,44060,0
2024-02-06,Bergen Storsenter,60.3756,5.3488,48080,0
2024-02-06,Oslo City,59.9241,10.7713,80690,0
2024-02-06,Trondheim Torg,63.4412,10.4175,42610,0
2024-02-07,Bergen Storsenter,60.3756,5.3488,45050,0
2024-02-07,Oslo City,59.9241,10.7713,83510,0
2024-02-07,Trondheim Torg,63.4412,10.4175,44220,0
2024-02-08,Bergen Storsenter,60.3756,5.3488,61360,0
2024-02-08,Oslo City,59.9241,10.7713,76770,0
2024-02-08,Trondheim Torg,63.4412,10.4175,48180,0
2024-02-09,Bergen Storsenter,60.3756,5.3488,81110,0
2024-02-09,Oslo City,59.9241,10.7713,135540,0
2024-02-09,Trondheim Torg,63.4412,10.4175,56710,0
2024-02-10,Bergen Storsenter,60.3756,5.3488,85970,0
2024-02-10,Oslo City,59.9241,10.7713,137460,0
2024-02-10,Trondheim Torg,63.4412,10.4175,72950,0
2024-02-11,Bergen Storsenter,60.3756,5.3488,26420,0
2024-02-11,Oslo City,59.9241,10.7713,41750,0
2024-02-11,Trondheim Torg,63.4412,10.4175,18150,0
2024-02-12,Bergen Storsenter,60.3756,5.3488,50760,0
2024-02-12,Oslo City,59.9241,10.7713,85200,0
2024-02-12,Trondheim Torg,63.4412,10.4175,33240,0
2024-02-13,Bergen Storsenter,60.3756,5.3488,58330,0
2024-02-13,Oslo City,59.9241,10.7713,71710,0
2024-02-13,Trondheim Torg,63.4412,10.4175,36730,0
2024-02-14,Bergen Storsenter,60.3756,5.3488,62890,1
2024-02-14,Oslo City,59.9241,10.7713,72440,0
2024-02-14,Trondheim Torg,63.4412,10.4175,36720,0
2024-02-15,Bergen Storsenter,60.3756,5.3488,59010,0
2024-02-15,Oslo City,59.9241,10.7713,112170,0
2024-02-15,Trondheim Torg,63.4412,10.4175,39690,0
2024-02-16,Bergen Storsenter,60.3756,5.3488,66400,0
2024-02-16,Oslo City,59.9241,10.7713,133560,0
2024-02-16,Trondheim Torg,63.4412,10.4175,47870,0
2024-02-17,Bergen Storsenter,60.3756,5.3488,81980,0
2024-02-17,Oslo City,59.9241,10.7713,137590,0
2024-02-17,Trondheim Torg,63.4412,10.4175,55030,0
2024-02-18,Bergen Storsenter,60.3756,5.3488,23870,0
2024-02-18,Oslo City,59.9241,10.7713,36390,0
2024-02-18,Trondheim Torg,63.4412,10.4175,11050,0
2024-02-19,Bergen Storsenter,60.3756,5.3488,49740,0
2024-02-19,Oslo City,59.9241,10.7713,60910,0
2024-02-19,Trondheim Torg,63.4412,10.4175,36240,0
2024-02-20,Bergen Storsenter,60.3756,5.3488,51950,0
2024-02-20,Oslo City,59.9241,10.7713,62110,0
2024-02-20,Trondheim Torg,63.4412,10.4175,35330,0
2024-02-21,Bergen Storsenter,60.3756,5.3488,50540,0
2024-02-21,Oslo City,59.9241,10.7713,82910,0
2024-02-21,Trondheim Torg,63.4412,10.4175,33790,0
2024-02-22,Bergen Storsenter,60.3756,5.3488,59820,0
2024-02-22,Oslo City,59.9241,10.7713,104620,1
2024-02-22,Trondheim Torg,63.4412,10.4175,49850,1
2024-02-23,Bergen Storsenter,60.3756,5.3488,68590,0
2024-02-23,Oslo City,59.9241,10.7713,115570,0
2024-02-23,Trondheim Torg,63.4412,10.4175,58710,0
2024-02-24,Bergen Storsenter,60.3756,5.3488,76080,0
2024-02-24,Oslo City,59.9241,10.7713,117870,0
2024-02-24,Trondheim Torg,63.4412,10.4175,53830,0
2024-02-25,Bergen Storsenter,60.3756,5.3488,26850,0
2024-02-25,Oslo City,59.9241,10.7713,37640,0
2024-02-25,Trondheim Torg,63.4412,10.4175,23240,0
2024-02-26,Bergen Storsenter,60.3756,5.3488,50960,0
2024-02-26,Oslo City,59.9241,10.7713,64710,0
2024-02-26,Trondheim Torg,63.4412,10.4175,40990,0
2024-02-27,Bergen Storsenter,60.3756,5.3488,53130,0
2024-02-27,Oslo City,59.9241,10.7713,72190,0
2024-02-27,Trondheim Torg,63.4412,10.4175,38890,0
2024-02-28,Bergen Storsenter,60.3756,5.3488,45810,0
2024-02-28,Oslo City,59.9241,10.7713,70650,0
2024-02-28,Trondheim Torg,63.4412,10.4175,35520,0
2024-02-29,Bergen Storsenter,60.3756,5.3488,63100,1
2024-02-29,Oslo City,59.9241,10.7713,85320,0
2024-02-29,Trondheim Torg,63.4412,10.4175,40830,0
2024-03-01,Bergen Storsenter,60.3756,5.3488,85960,0
2024-03-01,Oslo City,59.9241,10.7713,95110,0
2024-03-01,Trondheim Torg,63.4412,10.4175,57740,0
2024-03-02,Bergen Storsenter,60.3756,5.3488,85290,0
2024-03-02,Oslo City,59.9241,10.7713,129750,0
2024-03-02,Trondheim Torg,63.4412,10.4175,61850,0
2024-03-03,Bergen Storsenter,60.3756,5.3488,22040,0
2024-03-03,Oslo City,59.9241,10.7713,41900,0
2024-03-03,Trondheim Torg,63.4412,10.4175,16500,0
2024-03-04,Bergen Storsenter,60.3756,5.3488,47460,0
2024-03-04,Oslo City,59.9241,10.7713,72160,0
2024-03-04,Trondheim Torg,63.4412,10.4175,32160,0
2024-03-05,Bergen Storsenter,60.3756,5.3488,43170,0
2024-03-05,Oslo City,59.9241,10.7713,80740,0
2024-03-05,Trondheim Torg,63.4412,10.4175,32240,0
2024-03-06,Bergen Storsenter,60.3756,5.3488,46740,0
2024-03-06,Oslo City,59.9241,10.7713,88950,0
2024-03-06,Trondheim Torg,63.4412,10.4175,38330,0
2024-03-07,Bergen Storsenter,60.3756,5.3488,55930,0
2024-03-07,Oslo City,59.9241,10.7713,79950,0
2024-03-07,Trondheim Torg,63.4412,10.4175,44600,0
2024-03-08,Bergen Storsenter,60.3756,5.3488,75290,0
2024-03-08,Oslo City,59.9241,10.7713,124870,1
2024-03-08,Trondheim Torg,63.4412,10.4175,53750,1
2024-03-09,Bergen Storsenter,60.3756,5.3488,90580,0
2024-03-09,Oslo City,59.9241,10.7713,115140,0
2024-03-09,Trondheim Torg,63.4412,10.4175,47040,0
2024-03-10,Bergen Storsenter,60.3756,5.3488,23850,0
2024-03-10,Oslo City,59.9241,10.7713,33150,0
2024-03-10,Trondheim Torg,63.4412,10.4175,15830,0
2024-03-11,Bergen Storsenter,60.3756,5.3488,45620,0
2024-03-11,Oslo City,59.9241,10.7713,68070,0
2024-03-11,Trondheim Torg,63.4412,10.4175,30720,0
2024-03-12,Bergen Storsenter,60.3756,5.3488,51550,0
2024-03-12,Oslo City,59.9241,10.7713,67430,0
2024-03-12,Trondheim Torg,63.4412,10.4175,31200,0
2024-03-13,Bergen Storsenter,60.3756,5.3488,49030,0
2024-03-13,Oslo City,59.9241,10.7713,82130,0
2024-03-13,Trondheim Torg,63.4412,10.4175,33560,0
2024-03-14,Bergen Storsenter,60.3756,5.3488,46650,0
2024-03-14,Oslo City,59.9241,10.7713,92630,0
2024-03-14,Trondheim Torg,63.4412,10.4175,33740,0
2024-03-15,Bergen Storsenter,60.3756,5.3488,95810,1
2024-03-15,Oslo City,59.9241,10.7713,107600,0
2024-03-15,Trondheim Torg,63.4412,10.4175,37960,0
2024-03-16,Bergen Storsenter,60.3756,5.3488,74490,0
2024-03-16,Oslo City,59.9241,10.7713,123660,0
2024-03-16,Trondheim Torg,63.4412,10.4175,52800,0
2024-03-17,Bergen Storsenter,60.3756,5.3488,23090,0
2024-03-17,Oslo City,59.9241,10.7713,39640,0
2024-03-17,Trondheim Torg,63.4412,10.4175,14180,0
2024-03-18,Bergen Storsenter,60.3756,5.3488,43590,0
2024-03-18,Oslo City,59.9241,10.7713,62670,0
2024-03-18,Trondheim Torg,63.4412,10.4175,29990,0
2024-03-19,Bergen Storsenter,60.3756,5.3488,38010,0
2024-03-19,Oslo City,59.9241,10.7713,64760,0
2024-03-19,Trondheim Torg,63.4412,10.4175,31430,0
2024-03-20,Bergen Storsenter,60.3756,5.3488,41300,0
2024-03-20,Oslo City,59.9241,10.7713,84580,0
2024-03-20,Trondheim Torg,63.4412,10.4175,34460,0
2024-03-21,Bergen Storsenter,60.3756,5.3488,49390,0
2024-03-21,Oslo City,59.9241,10.7713,90090,0
2024-03-21,Trondheim Torg,63.4412,10.4175,40420,0
2024-03-22,Bergen Storsenter,60.3756,5.3488,61290,0
2024-03-22,Oslo City,59.9241,10.7713,103170,0
2024-03-22,Trondheim Torg,63.4412,10.4175,46020,0
2024-03-23,Bergen Storsenter,60.3756,5.3488,66720,0
2024-03-23,Oslo City,59.9241,10.7713,139870,1
2024-03-23,Trondheim Torg,63.4412,10.4175,75240,1
2024-03-24,Bergen Storsenter,60.3756,5.3488,25320,0
2024-03-24,Oslo City,59.9241,10.7713,35980,0
2024-03-24,Trondheim Torg,63.4412,10.4175,21110,0
2024-03-25,Bergen Storsenter,60.3756,5.3488,45110,0
2024-03-25,Oslo City,59.9241,10.7713,61900,0
2024-03-25,Trondheim Torg,63.4412,10.4175,27640,0
2024-03-26,Bergen Storsenter,60.3756,5.3488,43670,0
2024-03-26,Oslo City,59.9241,10.7713,77810,0
2024-03-26,Trondheim Torg,63.4412,10.4175,35390,0
2024-03-27,Bergen Storsenter,60.3756,5.3488,44120,0
2024-03-27,Oslo City,59.9241,10.7713,86850,0
2024-03-27,Trondheim Torg,63.4412,10.4175,26740,0
2024-03-28,Bergen Storsenter,60.3756,5.3488,0,0
2024-03-28,Oslo City,59.9241,10.7713,0,0
2024-03-28,Trondheim Torg,63.4412,10.4175,0,0
2024-03-29,Bergen Storsenter,60.3756,5.3488,0,0
2024-03-29,Oslo City,59.9241,10.7713,0,0
2024-03-29,Trondheim Torg,63.4412,10.4175,0,0
2024-03-30,Bergen Storsenter,60.3756,5.3488,85330,0
2024-03-30,Oslo City,59.9241,10.7713,91430,0
2024-03-30,Trondheim Torg,63.4412,10.4175,52310,0
2024-03-31,Bergen Storsenter,60.3756,5.3488,19740,0
2024-03-31,Oslo City,59.9241,10.7713,29440,0
2024-03-31,Trondheim Torg,63.4412,10.4175,12080,0
2024-04-01,Bergen Storsenter,60.3756,5.3488,0,0
2024-04-01,Oslo City,59.9241,10.7713,0,0
2024-04-01,Trondheim Torg,63.4412,10.4175,0,0
2024-04-02,Bergen Storsenter,60.3756,5.3488,31980,0
2024-04-02,Oslo City,59.9241,10.7713,59520,0
2024-04-02,Trondheim Torg,63.4412,10.4175,23640,0
2024-04-03,Bergen Storsenter,60.3756,5.3488,39780,0
2024-04-03,Oslo City,59.9241,10.7713,64820,0
2024-04-03,Trondheim Torg,63.4412,10.4175,29970,0
2024-04-04,Bergen Storsenter,60.3756,5.3488,40660,0
2024-04-04,Oslo City,59.9241,10.7713,62090,0
2024-04-04,Trondheim Torg,63.4412,10.4175,31800,0
2024-04-05,Bergen Storsenter,60.3756,5.3488,57850,0
2024-04-05,Oslo City,59.9241,10.7713,84290,0
2024-04-05,Trondheim Torg,63.4412,10.4175,43210,0
2024-04-06,Bergen Storsenter,60.3756,5.3488,58760,0
2024-04-06,Oslo City,59.9241,10.7713,80950,0
2024-04-06,Trondheim Torg,63.4412,10.4175,43240,0
2024-04-07,Bergen Storsenter,60.3756,5.3488,25330,1
2024-04-07,Oslo City,59.9241,10.7713,30700,0
2024-04-07,Trondheim Torg,63.4412,10.4175,12440,0
2024-04-08,Bergen Storsenter,60.3756,5.3488,34990,0
2024-04-08,Oslo City,59.9241,10.7713,61640,0
2024-04-08,Trondheim Torg,63.4412,10.4175,25940,0
2024-04-09,Bergen Storsenter,60.3756,5.3488,37130,0
2024-04-09,Oslo City,59.9241,10.7713,58770,0
2024-04-09,Trondheim Torg,63.4412,10.4175,22610,0
2024-04-10,Bergen Storsenter,60.3756,5.3488,48930,0
2024-04-10,Oslo City,59.9241,10.7713,71000,0
2024-04-10,Trondheim Torg,63.4412,10.4175,21710,0
2024-04-11,Bergen Storsenter,60.3756,5.3488,46470,0
2024-04-11,Oslo City,59.9241,10.7713,80430,0
2024-04-11,Trondheim Torg,63.4412,10.4175,24870,0
2024-04-12,Bergen Storsenter,60.3756,5.3488,66530,0
2024-04-12,Oslo City,59.9241,10.7713,98460,0
2024-04-12,Trondheim Torg,63.4412,10.4175,33900,0
2024-04-13,Bergen Storsenter,60.3756,5.3488,61200,0
2024-04-13,Oslo City,59.9241,10.7713,122180,0
2024-04-13,Trondheim Torg,63.4412,10.4175,38430,0
2024-04-14,Bergen Storsenter,60.3756,5.3488,19060,0
2024-04-14,Oslo City,59.9241,10.7713,33020,0
2024-04-14,Trondheim Torg,63.4412,10.4175,13710,0
2024-04-15,Bergen Storsenter,60.3756,5.3488,38630,0
2024-04-15,Oslo City,59.9241,10.7713,71580,1
2024-04-15,Trondheim Torg,63.4412,10.4175,34490,1
2024-04-16,Bergen Storsenter,60.3756,5.3488,31400,0
2024-04-16,Oslo City,59.9241,10.7713,56650,0
2024-04-16,Trondheim Torg,63.4412,10.4175,25150,0
2024-04-17,Bergen Storsenter,60.3756,5.3488,41040,0
2024-04-17,Oslo City,59.9241,10.7713,68230,0
2024-04-17,Trondheim Torg,63.4412,10.4175,28580,0
2024-04-18,Bergen Storsenter,60.3756,5.3488,38830,0
2024-04-18,Oslo City,59.9241,10.7713,62340,0
2024-04-18,Trondheim Torg,63.4412,10.4175,29600,0
2024-04-19,Bergen Storsenter,60.3756,5.3488,52050,0
2024-04-19,Oslo City,59.9241,10.7713,77290,0
2024-04-19,Trondheim Torg,63.4412,10.4175,44700,0
2024-04-20,Bergen Storsenter,60.3756,5.3488,67090,0
2024-04-20,Oslo City,59.9241,10.7713,91600,0
2024-04-20,Trondheim Torg,63.4412,10.4175,51170,0
2024-04-21,Bergen Storsenter,60.3756,5.3488,19230,0
2024-04-21,Oslo City,59.9241,10.7713,26710,0
2024-04-21,Trondheim Torg,63.4412,10.4175,11710,0
2024-04-22,Bergen Storsenter,60.3756,5.3488,40650,1
2024-04-22,Oslo City,59.9241,10.7713,54450,0
2024-04-22,Trondheim Torg,63.4412,10.4175,24730,0
2024-04-23,Bergen Storsenter,60.3756,5.3488,39320,0
2024-04-23,Oslo City,59.9241,10.7713,60550,0
2024-04-23,Trondheim Torg,63.4412,10.4175,21390,0
2024-04-24,Bergen Storsenter,60.3756,5.3488,38100,0
2024-04-24,Oslo City,59.9241,10.7713,65320,0
2024-04-24,Trondheim Torg,63.4412,10.4175,25210,0
2024-04-25,Bergen Storsenter,60.3756,5.3488,51820,0
2024-04-25,Oslo City,59.9241,10.7713,61780,0
2024-04-25,Trondheim Torg,63.4412,10.4175,28290,0
2024-04-26,Bergen Storsenter,60.3756,5.3488,53520,0
2024-04-26,Oslo City,59.9241,10.7713,82960,0
2024-04-26,Trondheim Torg,63.4412,10.4175,33670,0
2024-04-27,Bergen Storsenter,60.3756,5.3488,56610,0
2024-04-27,Oslo City,59.9241,10.7713,92200,0
2024-04-27,Trondheim Torg,63.4412,10.4175,35310,0
2024-04-28,Bergen Storsenter,60.3756,5.3488,20620,0
2024-04-28,Oslo City,59.9241,10.7713,36060,0
2024-04-28,Trondheim Torg,63.4412,10.4175,11840,0
2024-04-29,Bergen Storsenter,60.3756,5.3488,31440,0
2024-04-29,Oslo City,59.9241,10.7713,52790,0
2024-04-29,Trondheim Torg,63.4412,10.4175,24700,0
2024-04-30,Bergen Storsenter,60.3756,5.3488,34290,0
2024-04-30,Oslo City,59.9241,10.7713,61030,1
2024-04-30,Trondheim Torg,63.4412,10.4175,32660,1
2024-05-01,Bergen Storsenter,60.3756,5.3488,0,0
2024-05-01,Oslo City,59.9241,10.7713,0,0
2024-05-01,Trondheim Torg,63.4412,10.4175,0,0
2024-05-02,Bergen Storsenter,60.3756,5.3488,41600,0
2024-05-02,Oslo City,59.9241,10.7713,58370,0
2024-05-02,Trondheim Torg,63.4412,10.4175,24810,0
2024-05-03,Bergen Storsenter,60.3756,5.3488,50130,0
2024-05-03,Oslo City,59.9241,10.7713,87360,0
2024-05-03,Trondheim Torg,63.4412,10.4175,38030,0
2024-05-04,Bergen Storsenter,60.3756,5.3488,60710,0
2024-05-04,Oslo City,59.9241,10.7713,101880,0
2024-05-04,Trondheim Torg,63.4412,10.4175,46180,0
2024-05-05,Bergen Storsenter,60.3756,5.3488,16110,0
2024-05-05,Oslo City,59.9241,10.7713,27650,0
2024-05-05,Trondheim Torg,63.4412,10.4175,12430,0
2024-05-06,Bergen Storsenter,60.3756,5.3488,32070,0
2024-05-06,Oslo City,59.9241,10.7713,53510,0
2024-05-06,Trondheim Torg,63.4412,10.4175,23860,0
2024-05-07,Bergen Storsenter,60.3756,5.3488,34530,1
2024-05-07,Oslo City,59.9241,10.7713,51720,0
2024-05-07,Trondheim Torg,63.4412,10.4175,24090,0
2024-05-08,Bergen Storsenter,60.3756,5.3488,36590,0
2024-05-08,Oslo City,59.9241,10.7713,54340,0
2024-05-08,Trondheim Torg,63.4412,10.4175,25000,0
2024-05-09,Bergen Storsenter,60.3756,5.3488,0,0
2024-05-09,Oslo City,59.9241,10.7713,0,0
2024-05-09,Trondheim Torg,63.4412,10.4175,0,0
2024-05-10,Bergen Storsenter,60.3756,5.3488,59120,0
2024-05-10,Oslo City,59.9241,10.7713,77520,0
2024-05-10,Trondheim Torg,63.4412,10.4175,41530,0
2024-05-11,Bergen Storsenter,60.3756,5.3488,62850,0
2024-05-11,Oslo City,59.9241,10.7713,89910,0
2024-05-11,Trondheim Torg,63.4412,10.4175,45930,0
2024-05-12,Bergen Storsenter,60.3756,5.3488,17570,0
2024-05-12,Oslo City,59.9241,10.7713,28470,0
2024-05-12,Trondheim Torg,63.4412,10.4175,13000,0
2024-05-13,Bergen Storsenter,60.3756,5.3488,33500,0
2024-05-13,Oslo City,59.9241,10.7713,52560,0
2024-05-13,Trondheim Torg,63.4412,10.4175,27650,0
2024-05-14,Bergen Storsenter,60.3756,5.3488,32710,0
2024-05-14,Oslo City,59.9241,10.7713,51730,0
2024-05-14,Trondheim Torg,63.4412,10.4175,27600,0
2024-05-15,Bergen Storsenter,60.3756,5.3488,36440,0
2024-05-15,Oslo City,59.9241,10.7713,74360,1
2024-05-15,Trondheim Torg,63.4412,10.4175,31930,1
2024-05-16,Bergen Storsenter,60.3756,5.3488,40180,0
2024-05-16,Oslo City,59.9241,10.7713,63940,0
2024-05-16,Trondheim Torg,63.4412,10.4175,28700,0
2024-05-17,Bergen Storsenter,60.3756,5.3488,0,0
2024-05-17,Oslo City,59.9241,10.7713,0,0
2024-05-17,Trondheim Torg,63.4412,10.4175,0,0
2024-05-18,Bergen Storsenter,60.3756,5.3488,56140,0
2024-05-18,Oslo City,59.9241,10.7713,84620,0
2024-05-18,Trondheim Torg,63.4412,10.4175,26620,0
2024-05-19,Bergen Storsenter,60.3756,5.3488,19230,0
2024-05-19,Oslo City,59.9241,10.7713,25800,0
2024-05-19,Trondheim Torg,63.4412,10.4175,11630,0
2024-05-20,Bergen Storsenter,60.3756,5.3488,0,0
2024-05-20,Oslo City,59.9241,10.7713,0,0
2024-05-20,Trondheim Torg,63.4412,10.4175,0,0
2024-05-21,Bergen Storsenter,60.3756,5.3488,36130,0
2024-05-21,Oslo City,59.9241,10.7713,43610,0
2024-05-21,Trondheim Torg,63.4412,10.4175,19900,0
2024-05-22,Bergen Storsenter,60.3756,5.3488,32690,0
2024-05-22,Oslo City,59.9241,10.7713,48670,0
2024-05-22,Trondheim Torg,63.4412,10.4175,21330,0
2024-05-23,Bergen Storsenter,60.3756,5.3488,47000,0
2024-05-23,Oslo City,59.9241,10.7713,55430,0
2024-05-23,Trondheim Torg,63.4412,10.4175,21840,0
2024-05-24,Bergen Storsenter,60.3756,5.3488,56360,0
2024-05-24,Oslo City,59.9241,10.7713,82520,0
2024-05-24,Trondheim Torg,63.4412,10.4175,38750,0
2024-05-25,Bergen Storsenter,60.3756,5.3488,56970,0
2024-05-25,Oslo City,59.9241,10.7713,98140,0
2024-05-25,Trondheim Torg,63.4412,10.4175,40030,0
2024-05-26,Bergen Storsenter,60.3756,5.3488,15950,0
2024-05-26,Oslo City,59.9241,10.7713,26580,0
2024-05-26,Trondheim Torg,63.4412,10.4175,10120,0
2024-05-27,Bergen Storsenter,60.3756,5.3488,29710,0
2024-05-27,Oslo City,59.9241,10.7713,52840,0
2024-05-27,Trondheim Torg,63.4412,10.4175,16050,0
2024-05-28,Bergen Storsenter,60.3756,5.3488,32550,0
2024-05-28,Oslo City,59.9241,10.7713,56830,0
2024-05-28,Trondheim Torg,63.4412,10.4175,20770,0
2024-05-29,Bergen Storsenter,60.3756,5.3488,34410,0
2024-05-29,Oslo City,59.9241,10.7713,49310,0
2024-05-29,Trondheim Torg,63.4412,10.4175,20790,0
2024-05-30,Bergen Storsenter,60.3756,5.3488,50890,1
2024-05-30,Oslo City,59.9241,10.7713,62240,0
2024-05-30,Trondheim Torg,63.4412,10.4175,22540,0
2024-05-31,Bergen Storsenter,60.3756,5.3488,51130,0
2024-05-31,Oslo City,59.9241,10.7713,74950,0
2024-05-31,Trondheim Torg,63.4412,10.4175,31050,0
2024-06-01,Bergen Storsenter,60.3756,5.3488,50170,0
2024-06-01,Oslo City,59.9241,10.7713,90430,0
2024-06-01,Trondheim Torg,63.4412,10.4175,34770,0
2024-06-02,Bergen Storsenter,60.3756,5.3488,17040,0
2024-06-02,Oslo City,59.9241,10.7713,23890,0
2024-06-02,Trondheim Torg,63.4412,10.4175,11460,0
2024-06-03,Bergen Storsenter,60.3756,5.3488,30080,0
2024-06-03,Oslo City,59.9241,10.7713,44520,0
2024-06-03,Trondheim Torg,63.4412,10.4175,19410,0
2024-06-04,Bergen Storsenter,60.3756,5.3488,29080,0
2024-06-04,Oslo City,59.9241,10.7713,55240,0
2024-06-04,Trondheim Torg,63.4412,10.4175,21700,0
2024-06-05,Bergen Storsenter,60.3756,5.3488,30950,0
2024-06-05,Oslo City,59.9241,10.7713,58550,0
2024-06-05,Trondheim Torg,63.4412,10.4175,25600,0
2024-06-06,Bergen Storsenter,60.3756,5.3488,35360,0
2024-06-06,Oslo City,59.9241,10.7713,45810,0
2024-06-06,Trondheim Torg,63.4412,10.4175,26650,0
2024-06-07,Bergen Storsenter,60.3756,5.3488,54700,0
2024-06-07,Oslo City,59.9241,10.7713,83850,1
2024-06-07,Trondheim Torg,63.4412,10.4175,36410,1
2024-06-08,Bergen Storsenter,60.3756,5.3488,50420,0
2024-06-08,Oslo City,59.9241,10.7713,73600,0
2024-06-08,Trondheim Torg,63.4412,10.4175,34340,0
2024-06-09,Bergen Storsenter,60.3756,5.3488,16930,0
2024-06-09,Oslo City,59.9241,10.7713,25720,0
2024-06-09,Trondheim Torg,63.4412,10.4175,11020,0
2024-06-10,Bergen Storsenter,60.3756,5.3488,36530,0
2024-06-10,Oslo City,59.9241,10.7713,45610,0
2024-06-10,Trondheim Torg,63.4412,10.4175,23130,0
2024-06-11,Bergen Storsenter,60.3756,5.3488,31590,0
2024-06-11,Oslo City,59.9241,10.7713,54090,0
2024-06-11,Trondheim Torg,63.4412,10.4175,22420,0
2024-06-12,Bergen Storsenter,60.3756,5.3488,33740,0
2024-06-12,Oslo City,59.9241,10.7713,46400,0
2024-06-12,Trondheim Torg,63.4412,10.4175,21950,0
2024-06-13,Bergen Storsenter,60.3756,5.3488,38670,0
2024-06-13,Oslo City,59.9241,10.7713,59510,0
2024-06-13,Trondheim Torg,63.4412,10.4175,24910,0
2024-06-14,Bergen Storsenter,60.3756,5.3488,56060,1
2024-06-14,Oslo City,59.9241,10.7713,77190,0
2024-06-14,Trondheim Torg,63.4412,10.4175,35790,0
2024-06-15,Bergen Storsenter,60.3756,5.3488,61000,0
2024-06-15,Oslo City,59.9241,10.7713,98590,0
2024-06-15,Trondheim Torg,63.4412,10.4175,45780,0
2024-06-16,Bergen Storsenter,60.3756,5.3488,15390,0
2024-06-16,Oslo City,59.9241,10.7713,24970,0
2024-06-16,Trondheim Torg,63.4412,10.4175,12230,0
2024-06-17,Bergen Storsenter,60.3756,5.3488,26520,0
2024-06-17,Oslo City,59.9241,10.7713,45860,0
2024-06-17,Trondheim Torg,63.4412,10.4175,21910,0
2024-06-18,Bergen Storsenter,60.3756,5.3488,33140,0
2024-06-18,Oslo City,59.9241,10.7713,46870,0
2024-06-18,Trondheim Torg,63.4412,10.4175,23920,0
2024-06-19,Bergen Storsenter,60.3756,5.3488,28790,0
2024-06-19,Oslo City,59.9241,10.7713,50500,0
2024-06-19,Trondheim Torg,63.4412,10.4175,21290,0
2024-06-20,Bergen Storsenter,60.3756,5.3488,36930,0
2024-06-20,Oslo City,59.9241,10.7713,53690,0
2024-06-20,Trondheim Torg,63.4412,10.4175,25500,0
2024-06-21,Bergen Storsenter,60.3756,5.3488,42840,0
2024-06-21,Oslo City,59.9241,10.7713,68130,0
2024-06-21,Trondheim Torg,63.4412,10.4175,42900,0
2024-06-22,Bergen Storsenter,60.3756,5.3488,53350,0
2024-06-22,Oslo City,59.9241,10.7713,80620,1
2024-06-22,Trondheim Torg,63.4412,10.4175,40740,1
2024-06-23,Bergen Storsenter,60.3756,5.3488,17290,0
2024-06-23,Oslo City,59.9241,10.7713,22910,0
2024-06-23,Trondheim Torg,63.4412,10.4175,11470,0
2024-06-24,Bergen Storsenter,60.3756,5.3488,33700,0
2024-06-24,Oslo City,59.9241,10.7713,50170,0
2024-06-24,Trondheim Torg,63.4412,10.4175,20380,0
2024-06-25,Bergen Storsenter,60.3756,5.3488,31120,0
2024-06-25,Oslo City,59.9241,10.7713,52150,0
2024-06-25,Trondheim Torg,63.4412,10.4175,20660,0
2024-06-26,Bergen Storsenter,60.3756,5.3488,35810,0
2024-06-26,Oslo City,59.9241,10.7713,49400,0
2024-06-26,Trondheim Torg,63.4412,10.4175,21940,0
2024-06-27,Bergen Storsenter,60.3756,5.3488,33380,0
2024-06-27,Oslo City,59.9241,10.7713,57010,0
2024-06-27,Trondheim Torg,63.4412,10.4175,28860,0
2024-06-28,Bergen Storsenter,60.3756,5.3488,62630,1
2024-06-28,Oslo City,59.9241,10.7713,92130,1
2024-06-28,Trondheim Torg,63.4412,10.4175,46380,1
2024-06-29,Bergen Storsenter,60.3756,5.3488,73330,1
2024-06-29,Oslo City,59.9241,10.7713,77270,1
2024-06-29,Trondheim Torg,63.4412,10.4175,47800,1
2024-06-30,Bergen Storsenter,60.3756,5.3488,17620,1
2024-06-30,Oslo City,59.9241,10.7713,28630,1
2024-06-30,Trondheim Torg,63.4412,10.4175,14300,1
2024-07-01,Bergen Storsenter,60.3756,5.3488,39610,1
2024-07-01,Oslo City,59.9241,10.7713,60170,1
2024-07-01,Trondheim Torg,63.4412,10.4175,27790,1
2024-07-02,Bergen Storsenter,60.3756,5.3488,42850,1
2024-07-02,Oslo City,59.9241,10.7713,57300,1
2024-07-02,Trondheim Torg,63.4412,10.4175,28240,1
2024-07-03,Bergen Storsenter,60.3756,5.3488,42890,1
2024-07-03,Oslo City,59.9241,10.7713,64670,1
2024-07-03,Trondheim Torg,63.4412,10.4175,26170,1
2024-07-04,Bergen Storsenter,60.3756,5.3488,45450,1
2024-07-04,Oslo City,59.9241,10.7713,70320,1
2024-07-04,Trondheim Torg,63.4412,10.4175,30640,1
2024-07-05,Bergen Storsenter,60.3756,5.3488,61170,1
2024-07-05,Oslo City,59.9241,10.7713,116720,1
2024-07-05,Trondheim Torg,63.4412,10.4175,51990,1
2024-07-06,Bergen Storsenter,60.3756,5.3488,56740,1
2024-07-06,Oslo City,59.9241,10.7713,99960,1
2024-07-06,Trondheim Torg,63.4412,10.4175,44180,1
2024-07-07,Bergen Storsenter,60.3756,5.3488,22510,1
2024-07-07,Oslo City,59.9241,10.7713,37050,1
2024-07-07,Trondheim Torg,63.4412,10.4175,14840,1
2024-07-08,Bergen Storsenter,60.3756,5.3488,41050,1
2024-07-08,Oslo City,59.9241,10.7713,70280,1
2024-07-08,Trondheim Torg,63.4412,10.4175,27080,1
2024-07-09,Bergen Storsenter,60.3756,5.3488,50430,1
2024-07-09,Oslo City,59.9241,10.7713,70520,1
2024-07-09,Trondheim Torg,63.4412,10.4175,28750,1
2024-07-10,Bergen Storsenter,60.3756,5.3488,43820,1
2024-07-10,Oslo City,59.9241,10.7713,73340,1
2024-07-10,Trondheim Torg,63.4412,10.4175,26100,1
2024-07-11,Bergen Storsenter,60.3756,5.3488,46710,1
2024-07-11,Oslo City,59.9241,10.7713,81460,1
2024-07-11,Trondheim Torg,63.4412,10.4175,32280,1
2024-07-12,Bergen Storsenter,60.3756,5.3488,60570,1
2024-07-12,Oslo City,59.9241,10.7713,105750,1
2024-07-12,Trondheim Torg,63.4412,10.4175,46210,1
2024-07-13,Bergen Storsenter,60.3756,5.3488,72700,1
2024-07-13,Oslo City,59.9241,10.7713,87090,1
2024-07-13,Trondheim Torg,63.4412,10.4175,45160,1
2024-07-14,Bergen Storsenter,60.3756,5.3488,19960,1
2024-07-14,Oslo City,59.9241,10.7713,32020,1
2024-07-14,Trondheim Torg,63.4412,10.4175,15970,1
2024-07-15,Bergen Storsenter,60.3756,5.3488,41300,1
2024-07-15,Oslo City,59.9241,10.7713,56020,1
2024-07-15,Trondheim Torg,63.4412,10.4175,24890,1
2024-07-16,Bergen Storsenter,60.3756,5.3488,35590,1
2024-07-16,Oslo City,59.9241,10.7713,66370,1
2024-07-16,Trondheim Torg,63.4412,10.4175,32230,1
2024-07-17,Bergen Storsenter,60.3756,5.3488,41820,1
2024-07-17,Oslo City,59.9241,10.7713,73980,1
2024-07-17,Trondheim Torg,63.4412,10.4175,35090,1
2024-07-18,Bergen Storsenter,60.3756,5.3488,50740,1
2024-07-18,Oslo City,59.9241,10.7713,86120,1
2024-07-18,Trondheim Torg,63.4412,10.4175,30550,1
2024-07-19,Bergen Storsenter,60.3756,5.3488,50350,0
2024-07-19,Oslo City,59.9241,10.7713,90510,0
2024-07-19,Trondheim Torg,63.4412,10.4175,33840,0
2024-07-20,Bergen Storsenter,60.3756,5.3488,61220,0
2024-07-20,Oslo City,59.9241,10.7713,107710,0
2024-07-20,Trondheim Torg,63.4412,10.4175,37100,0
2024-07-21,Bergen Storsenter,60.3756,5.3488,17770,0
2024-07-21,Oslo City,59.9241,10.7713,30290,0
2024-07-21,Trondheim Torg,63.4412,10.4175,9740,0
2024-07-22,Bergen Storsenter,60.3756,5.3488,40830,1
2024-07-22,Oslo City,59.9241,10.7713,50850,0
2024-07-22,Trondheim Torg,63.4412,10.4175,20180,0
2024-07-23,Bergen Storsenter,60.3756,5.3488,34160,0
2024-07-23,Oslo City,59.9241,10.7713,64190,0
2024-07-23,Trondheim Torg,63.4412,10.4175,27080,0
2024-07-24,Bergen Storsenter,60.3756,5.3488,38980,0
2024-07-24,Oslo City,59.9241,10.7713,55620,0
2024-07-24,Trondheim Torg,63.4412,10.4175,26210,0
2024-07-25,Bergen Storsenter,60.3756,5.3488,43930,0
2024-07-25,Oslo City,59.9241,10.7713,56500,0
2024-07-25,Trondheim Torg,63.4412,10.4175,28040,0
2024-07-26,Bergen Storsenter,60.3756,5.3488,56900,0
2024-07-26,Oslo City,59.9241,10.7713,89140,0
2024-07-26,Trondheim Torg,63.4412,10.4175,43400,0
2024-07-27,Bergen Storsenter,60.3756,5.3488,56920,0
2024-07-27,Oslo City,59.9241,10.7713,117880,0
2024-07-27,Trondheim Torg,63.4412,10.4175,42490,0
2024-07-28,Bergen Storsenter,60.3756,5.3488,20210,0
2024-07-28,Oslo City,59.9241,10.7713,26600,0
2024-07-28,Trondheim Torg,63.4412,10.4175,13330,0
2024-07-29,Bergen Storsenter,60.3756,5.3488,40170,0
2024-07-29,Oslo City,59.9241,10.7713,47050,0
2024-07-29,Trondheim Torg,63.4412,10.4175,27060,0
2024-07-30,Bergen Storsenter,60.3756,5.3488,40940,0
2024-07-30,Oslo City,59.9241,10.7713,70120,1
2024-07-30,Trondheim Torg,63.4412,10.4175,30370,1
2024-07-31,Bergen Storsenter,60.3756,5.3488,46580,0
2024-07-31,Oslo City,59.9241,10.7713,81470,0
2024-07-31,Trondheim Torg,63.4412,10.4175,24360,0
2024-08-01,Bergen Storsenter,60.3756,5.3488,40900,0
2024-08-01,Oslo City,59.9241,10.7713,66370,0
2024-08-01,Trondheim Torg,63.4412,10.4175,28530,0
2024-08-02,Bergen Storsenter,60.3756,5.3488,57040,0
2024-08-02,Oslo City,59.9241,10.7713,96330,0
2024-08-02,Trondheim Torg,63.4412,10.4175,45340,0
2024-08-03,Bergen Storsenter,60.3756,5.3488,56260,0
2024-08-03,Oslo City,59.9241,10.7713,106940,0
2024-08-03,Trondheim Torg,63.4412,10.4175,37600,0
2024-08-04,Bergen Storsenter,60.3756,5.3488,23210,0
2024-08-04,Oslo City,59.9241,10.7713,31940,0
2024-08-04,Trondheim Torg,63.4412,10.4175,11630,0
2024-08-05,Bergen Storsenter,60.3756,5.3488,38670,0
2024-08-05,Oslo City,59.9241,10.7713,58340,0
2024-08-05,Trondheim Torg,63.4412,10.4175,22280,0
2024-08-06,Bergen Storsenter,60.3756,5.3488,49210,1
2024-08-06,Oslo City,59.9241,10.7713,62090,0
2024-08-06,Trondheim Torg,63.4412,10.4175,25490,0
2024-08-07,Bergen Storsenter,60.3756,5.3488,48220,0
2024-08-07,Oslo City,59.9241,10.7713,56120,0
2024-08-07,Trondheim Torg,63.4412,10.4175,24820,0
2024-08-08,Bergen Storsenter,60.3756,5.3488,46520,0
2024-08-08,Oslo City,59.9241,10.7713,71120,0
2024-08-08,Trondheim Torg,63.4412,10.4175,30470,0
2024-08-09,Bergen Storsenter,60.3756,5.3488,61090,0
2024-08-09,Oslo City,59.9241,10.7713,99200,0
2024-08-09,Trondheim Torg,63.4412,10.4175,46360,0
2024-08-10,Bergen Storsenter,60.3756,5.3488,62560,0
2024-08-10,Oslo City,59.9241,10.7713,120760,0
2024-08-10,Trondheim Torg,63.4412,10.4175,51340,0
2024-08-11,Bergen Storsenter,60.3756,5.3488,19730,0
2024-08-11,Oslo City,59.9241,10.7713,38710,0
2024-08-11,Trondheim Torg,63.4412,10.4175,13940,0
2024-08-12,Bergen Storsenter,60.3756,5.3488,43840,0
2024-08-12,Oslo City,59.9241,10.7713,66500,0
2024-08-12,Trondheim Torg,63.4412,10.4175,33480,0
2024-08-13,Bergen Storsenter,60.3756,5.3488,52620,0
2024-08-13,Oslo City,59.9241,10.7713,68370,0
2024-08-13,Trondheim Torg,63.4412,10.4175,25550,0
2024-08-14,Bergen Storsenter,60.3756,5.3488,44110,0
2024-08-14,Oslo City,59.9241,10.7713,90680,1
2024-08-14,Trondheim Torg,63.4412,10.4175,32810,1
2024-08-15,Bergen Storsenter,60.3756,5.3488,50800,0
2024-08-15,Oslo City,59.9241,10.7713,87740,0
2024-08-15,Trondheim Torg,63.4412,10.4175,34240,0
2024-08-16,Bergen Storsenter,60.3756,5.3488,62280,0
2024-08-16,Oslo City,59.9241,10.7713,100990,0
2024-08-16,Trondheim Torg,63.4412,10.4175,44160,0
2024-08-17,Bergen Storsenter,60.3756,5.3488,87110,0
2024-08-17,Oslo City,59.9241,10.7713,124610,0
2024-08-17,Trondheim Torg,63.4412,10.4175,52190,0
2024-08-18,Bergen Storsenter,60.3756,5.3488,21330,0
2024-08-18,Oslo City,59.9241,10.7713,35740,0
2024-08-18,Trondheim Torg,63.4412,10.4175,15070,0
2024-08-19,Bergen Storsenter,60.3756,5.3488,40090,0
2024-08-19,Oslo City,59.9241,10.7713,74310,0
2024-08-19,Trondheim Torg,63.4412,10.4175,27120,0
2024-08-20,Bergen Storsenter,60.3756,5.3488,44330,0
2024-08-20,Oslo City,59.9241,10.7713,75410,0
2024-08-20,Trondheim Torg,63.4412,10.4175,29000,0
2024-08-21,Bergen Storsenter,60.3756,5.3488,63100,1
2024-08-21,Oslo City,59.9241,10.7713,69470,0
2024-08-21,Trondheim Torg,63.4412,10.4175,33580,0
2024-08-22,Bergen Storsenter,60.3756,5.3488,53290,0
2024-08-22,Oslo City,59.9241,10.7713,74770,0
2024-08-22,Trondheim Torg,63.4412,10.4175,35040,0
2024-08-23,Bergen Storsenter,60.3756,5.3488,74400,0
2024-08-23,Oslo City,59.9241,10.7713,118610,0
2024-08-23,Trondheim Torg,63.4412,10.4175,45330,0
2024-08-24,Bergen Storsenter,60.3756,5.3488,83700,0
2024-08-24,Oslo City,59.9241,10.7713,133370,0
2024-08-24,Trondheim Torg,63.4412,10.4175,51050,0
2024-08-25,Bergen Storsenter,60.3756,5.3488,23700,0
2024-08-25,Oslo City,59.9241,10.7713,36120,0
2024-08-25,Trondheim Torg,63.4412,10.4175,17580,0
2024-08-26,Bergen Storsenter,60.3756,5.3488,43860,0
2024-08-26,Oslo City,59.9241,10.7713,82080,0
2024-08-26,Trondheim Torg,63.4412,10.4175,23210,0
2024-08-27,Bergen Storsenter,60.3756,5.3488,39750,0
2024-08-27,Oslo City,59.9241,10.7713,79900,0
2024-08-27,Trondheim Torg,63.4412,10.4175,26690,0
2024-08-28,Bergen Storsenter,60.3756,5.3488,47680,0
2024-08-28,Oslo City,59.9241,10.7713,61410,0
2024-08-28,Trondheim Torg,63.4412,10.4175,33740,0
2024-08-29,Bergen Storsenter,60.3756,5.3488,58750,0
2024-08-29,Oslo City,59.9241,10.7713,90080,1
2024-08-29,Trondheim Torg,63.4412,10.4175,34980,1
2024-08-30,Bergen Storsenter,60.3756,5.3488,61880,0
2024-08-30,Oslo City,59.9241,10.7713,96890,0
2024-08-30,Trondheim Torg,63.4412,10.4175,46800,0
2024-08-31,Bergen Storsenter,60.3756,5.3488,76230,0
2024-08-31,Oslo City,59.9241,10.7713,102940,0
2024-08-31,Trondheim Torg,63.4412,10.4175,64920,0
2024-09-01,Bergen Storsenter,60.3756,5.3488,24580,0
2024-09-01,Oslo City,59.9241,10.7713,36690,0
2024-09-01,Trondheim Torg,63.4412,10.4175,17640,0
2024-09-02,Bergen Storsenter,60.3756,5.3488,52370,0
2024-09-02,Oslo City,59.9241,10.7713,69300,0
2024-09-02,Trondheim Torg,63.4412,10.4175,30200,0
2024-09-03,Bergen Storsenter,60.3756,5.3488,47760,0
2024-09-03,Oslo City,59.9241,10.7713,79060,0
2024-09-03,Trondheim Torg,63.4412,10.4175,32540,0
2024-09-04,Bergen Storsenter,60.3756,5.3488,52640,0
2024-09-04,Oslo City,59.9241,10.7713,83060,0
2024-09-04,Trondheim Torg,63.4412,10.4175,38350,0
2024-09-05,Bergen Storsenter,60.3756,5.3488,71470,0
2024-09-05,Oslo City,59.9241,10.7713,88880,0
2024-09-05,Trondheim Torg,63.4412,10.4175,39230,0
2024-09-06,Bergen Storsenter,60.3756,5.3488,80310,0
2024-09-06,Oslo City,59.9241,10.7713,109370,0
2024-09-06,Trondheim Torg,63.4412,10.4175,48730,0
2024-09-07,Bergen Storsenter,60.3756,5.3488,82120,0
2024-09-07,Oslo City,59.9241,10.7713,125930,0
2024-09-07,Trondheim Torg,63.4412,10.4175,57230,0
2024-09-08,Bergen Storsenter,60.3756,5.3488,25830,0
2024-09-08,Oslo City,59.9241,10.7713,30000,0
2024-09-08,Trondheim Torg,63.4412,10.4175,17100,0
2024-09-09,Bergen Storsenter,60.3756,5.3488,48760,0
2024-09-09,Oslo City,59.9241,10.7713,56420,0
2024-09-09,Trondheim Torg,63.4412,10.4175,34660,0
2024-09-10,Bergen Storsenter,60.3756,5.3488,50920,0
2024-09-10,Oslo City,59.9241,10.7713,84390,0
2024-09-10,Trondheim Torg,63.4412,10.4175,40460,0
2024-09-11,Bergen Storsenter,60.3756,5.3488,52780,0
2024-09-11,Oslo City,59.9241,10.7713,74080,0
2024-09-11,Trondheim Torg,63.4412,10.4175,44250,0
2024-09-12,Bergen Storsenter,60.3756,5.3488,66900,0
2024-09-12,Oslo City,59.9241,10.7713,75800,0
2024-09-12,Trondheim Torg,63.4412,10.4175,40670,0
2024-09-13,Bergen Storsenter,60.3756,5.3488,93640,1
2024-09-13,Oslo City,59.9241,10.7713,107450,0
2024-09-13,Trondheim Torg,63.4412,10.4175,60390,0
2024-09-14,Bergen Storsenter,60.3756,5.3488,100770,0
2024-09-14,Oslo City,59.9241,10.7713,148070,0
2024-09-14,Trondheim Torg,63.4412,10.4175,59830,0
2024-09-15,Bergen Storsenter,60.3756,5.3488,30970,0
2024-09-15,Oslo City,59.9241,10.7713,37050,0
2024-09-15,Trondheim Torg,63.4412,10.4175,18480,0
2024-09-16,Bergen Storsenter,60.3756,5.3488,50500,0
2024-09-16,Oslo City,59.9241,10.7713,93540,0
2024-09-16,Trondheim Torg,63.4412,10.4175,38060,0
2024-09-17,Bergen Storsenter,60.3756,5.3488,50760,0
2024-09-17,Oslo City,59.9241,10.7713,81450,0
2024-09-17,Trondheim Torg,63.4412,10.4175,38240,0
2024-09-18,Bergen Storsenter,60.3756,5.3488,60240,0
2024-09-18,Oslo City,59.9241,10.7713,77050,0
2024-09-18,Trondheim Torg,63.4412,10.4175,43430,0
2024-09-19,Bergen Storsenter,60.3756,5.3488,58040,0
2024-09-19,Oslo City,59.9241,10.7713,98310,0
2024-09-19,Trondheim Torg,63.4412,10.4175,40300,0
2024-09-20,Bergen Storsenter,60.3756,5.3488,94500,0
2024-09-20,Oslo City,59.9241,10.7713,108500,0
2024-09-20,Trondheim Torg,63.4412,10.4175,60170,0
2024-09-21,Bergen Storsenter,60.3756,5.3488,70290,0
2024-09-21,Oslo City,59.9241,10.7713,114790,1
2024-09-21,Trondheim Torg,63.4412,10.4175,69820,1
2024-09-22,Bergen Storsenter,60.3756,5.3488,24360,0
2024-09-22,Oslo City,59.9241,10.7713,35740,0
2024-09-22,Trondheim Torg,63.4412,10.4175,21020,0
2024-09-23,Bergen Storsenter,60.3756,5.3488,60690,0
2024-09-23,Oslo City,59.9241,10.7713,74530,0
2024-09-23,Trondheim Torg,63.4412,10.4175,38850,0
2024-09-24,Bergen Storsenter,60.3756,5.3488,46250,0
2024-09-24,Oslo City,59.9241,10.7713,65310,0
2024-09-24,Trondheim Torg,63.4412,10.4175,32580,0
2024-09-25,Bergen Storsenter,60.3756,5.3488,56270,0
2024-09-25,Oslo City,59.9241,10.7713,78870,0
2024-09-25,Trondheim Torg,63.4412,10.4175,29780,0
2024-09-26,Bergen Storsenter,60.3756,5.3488,50760,0
2024-09-26,Oslo City,59.9241,10.7713,80360,0
2024-09-26,Trondheim Torg,63.4412,10.4175,31900,0
2024-09-27,Bergen Storsenter,60.3756,5.3488,83410,0
2024-09-27,Oslo City,59.9241,10.7713,129370,0
2024-09-27,Trondheim Torg,63.4412,10.4175,45510,0
2024-09-28,Bergen Storsenter,60.3756,5.3488,98180,1
2024-09-28,Oslo City,59.9241,10.7713,116950,0
2024-09-28,Trondheim Torg,63.4412,10.4175,44300,0
2024-09-29,Bergen Storsenter,60.3756,5.3488,25420,0
2024-09-29,Oslo City,59.9241,10.7713,39880,0
2024-09-29,Trondheim Torg,63.4412,10.4175,14440,0
2024-09-30,Bergen Storsenter,60.3756,5.3488,48460,0
2024-09-30,Oslo City,59.9241,10.7713,64920,0
2024-09-30,Trondheim Torg,63.4412,10.4175,28080,0
2024-10-01,Bergen Storsenter,60.3756,5.3488,47760,0
2024-10-01,Oslo City,59.9241,10.7713,77280,0
2024-10-01,Trondheim Torg,63.4412,10.4175,25750,0
2024-10-02,Bergen Storsenter,60.3756,5.3488,60330,0
2024-10-02,Oslo City,59.9241,10.7713,99460,0
2024-10-02,Trondheim Torg,63.4412,10.4175,25270,0
2024-10-03,Bergen Storsenter,60.3756,5.3488,54600,0
2024-10-03,Oslo City,59.9241,10.7713,105250,0
2024-10-03,Trondheim Torg,63.4412,10.4175,34250,0
2024-10-04,Bergen Storsenter,60.3756,5.3488,77530,0
2024-10-04,Oslo City,59.9241,10.7713,146530,0
2024-10-04,Trondheim Torg,63.4412,10.4175,47090,0
2024-10-05,Bergen Storsenter,60.3756,5.3488,99230,0
2024-10-05,Oslo City,59.9241,10.7713,134770,0
2024-10-05,Trondheim Torg,63.4412,10.4175,66490,0
2024-10-06,Bergen Storsenter,60.3756,5.3488,28480,0
2024-10-06,Oslo City,59.9241,10.7713,47590,1
2024-10-06,Trondheim Torg,63.4412,10.4175,20570,1
2024-10-07,Bergen Storsenter,60.3756,5.3488,56420,0
2024-10-07,Oslo City,59.9241,10.7713,90640,0
2024-10-07,Trondheim Torg,63.4412,10.4175,32100,0
2024-10-08,Bergen Storsenter,60.3756,5.3488,63650,0
2024-10-08,Oslo City,59.9241,10.7713,89730,0
2024-10-08,Trondheim Torg,63.4412,10.4175,36850,0
2024-10-09,Bergen Storsenter,60.3756,5.3488,62520,0
2024-10-09,Oslo City,59.9241,10.7713,86490,0
2024-10-09,Trondheim Torg,63.4412,10.4175,32970,0
2024-10-10,Bergen Storsenter,60.3756,5.3488,63030,0
2024-10-10,Oslo City,59.9241,10.7713,95080,0
2024-10-10,Trondheim Torg,63.4412,10.4175,50790,0
2024-10-11,Bergen Storsenter,60.3756,5.3488,104600,0
2024-10-11,Oslo City,59.9241,10.7713,141240,0
2024-10-11,Trondheim Torg,63.4412,10.4175,70710,0
2024-10-12,Bergen Storsenter,60.3756,5.3488,89820,0
2024-10-12,Oslo City,59.9241,10.7713,138980,0
2024-10-12,Trondheim Torg,63.4412,10.4175,68610,0
2024-10-13,Bergen Storsenter,60.3756,5.3488,36530,1
2024-10-13,Oslo City,59.9241,10.7713,42700,0
2024-10-13,Trondheim Torg,63.4412,10.4175,19150,0
2024-10-14,Bergen Storsenter,60.3756,5.3488,54490,0
2024-10-14,Oslo City,59.9241,10.7713,69310,0
2024-10-14,Trondheim Torg,63.4412,10.4175,36680,0
2024-10-15,Bergen Storsenter,60.3756,5.3488,54830,0
2024-10-15,Oslo City,59.9241,10.7713,66090,0
2024-10-15,Trondheim Torg,63.4412,10.4175,36940,0
2024-10-16,Bergen Storsenter,60.3756,5.3488,58560,0
2024-10-16,Oslo City,59.9241,10.7713,92930,0
2024-10-16,Trondheim Torg,63.4412,10.4175,37740,0
2024-10-17,Bergen Storsenter,60.3756,5.3488,60840,0
2024-10-17,Oslo City,59.9241,10.7713,102320,0
2024-10-17,Trondheim Torg,63.4412,10.4175,57650,0
2024-10-18,Bergen Storsenter,60.3756,5.3488,82830,0
2024-10-18,Oslo City,59.9241,10.7713,114620,0
2024-10-18,Trondheim Torg,63.4412,10.4175,77040,0
2024-10-19,Bergen Storsenter,60.3756,5.3488,93950,0
2024-10-19,Oslo City,59.9241,10.7713,137050,0
2024-10-19,Trondheim Torg,63.4412,10.4175,62910,0
2024-10-20,Bergen Storsenter,60.3756,5.3488,25330,0
2024-10-20,Oslo City,59.9241,10.7713,34990,0
2024-10-20,Trondheim Torg,63.4412,10.4175,24170,0
2024-10-21,Bergen Storsenter,60.3756,5.3488,48760,0
2024-10-21,Oslo City,59.9241,10.7713,81820,1
2024-10-21,Trondheim Torg,63.4412,10.4175,45870,1
2024-10-22,Bergen Storsenter,60.3756,5.3488,64750,0
2024-10-22,Oslo City,59.9241,10.7713,76900,0
2024-10-22,Trondheim Torg,63.4412,10.4175,37470,0
2024-10-23,Bergen Storsenter,60.3756,5.3488,62610,0
2024-10-23,Oslo City,59.9241,10.7713,90460,0
2024-10-23,Trondheim Torg,63.4412,10.4175,45210,0
2024-10-24,Bergen Storsenter,60.3756,5.3488,57920,0
2024-10-24,Oslo City,59.9241,10.7713,82560,0
2024-10-24,Trondheim Torg,63.4412,10.4175,51370,0
2024-10-25,Bergen Storsenter,60.3756,5.3488,92490,0
2024-10-25,Oslo City,59.9241,10.7713,136090,0
2024-10-25,Trondheim Torg,63.4412,10.4175,53810,0
2024-10-26,Bergen Storsenter,60.3756,5.3488,110910,0
2024-10-26,Oslo City,59.9241,10.7713,96340,0
2024-10-26,Trondheim Torg,63.4412,10.4175,70550,0
2024-10-27,Bergen Storsenter,60.3756,5.3488,27790,0
2024-10-27,Oslo City,59.9241,10.7713,46740,0
2024-10-27,Trondheim Torg,63.4412,10.4175,22660,0
2024-10-28,Bergen Storsenter,60.3756,5.3488,57240,0
2024-10-28,Oslo City,59.9241,10.7713,69070,0
2024-10-28,Trondheim Torg,63.4412,10.4175,41220,0
2024-10-29,Bergen Storsenter,60.3756,5.3488,61180,0
2024-10-29,Oslo City,59.9241,10.7713,93460,0
2024-10-29,Trondheim Torg,63.4412,10.4175,39000,0
2024-10-30,Bergen Storsenter,60.3756,5.3488,52700,0
2024-10-30,Oslo City,59.9241,10.7713,79690,0
2024-10-30,Trondheim Torg,63.4412,10.4175,39430,0
2024-10-31,Bergen Storsenter,60.3756,5.3488,67910,0
2024-10-31,Oslo City,59.9241,10.7713,91340,0
2024-10-31,Trondheim Torg,63.4412,10.4175,41880,0
2024-11-01,Bergen Storsenter,60.3756,5.3488,99230,0
2024-11-01,Oslo City,59.9241,10.7713,148730,0
2024-11-01,Trondheim Torg,63.4412,10.4175,56500,0
2024-11-02,Bergen Storsenter,60.3756,5.3488,104470,0
2024-11-02,Oslo City,59.9241,10.7713,162140,0
2024-11-02,Trondheim Torg,63.4412,10.4175,55670,0
2024-11-03,Bergen Storsenter,60.3756,5.3488,27270,0
2024-11-03,Oslo City,59.9241,10.7713,42320,0
2024-11-03,Trondheim Torg,63.4412,10.4175,20300,0
2024-11-04,Bergen Storsenter,60.3756,5.3488,52380,0
2024-11-04,Oslo City,59.9241,10.7713,75930,0
2024-11-04,Trondheim Torg,63.4412,10.4175,39030,0
2024-11-05,Bergen Storsenter,60.3756,5.3488,68980,1
2024-11-05,Oslo City,59.9241,10.7713,93340,0
2024-11-05,Trondheim Torg,63.4412,10.4175,40040,0
2024-11-06,Bergen Storsenter,60.3756,5.3488,60470,0
2024-11-06,Oslo City,59.9241,10.7713,101840,0
2024-11-06,Trondheim Torg,63.4412,10.4175,40470,0
2024-11-07,Bergen Storsenter,60.3756,5.3488,59220,0
2024-11-07,Oslo City,59.9241,10.7713,107210,0
2024-11-07,Trondheim Torg,63.4412,10.4175,38090,0
2024-11-08,Bergen Storsenter,60.3756,5.3488,83960,0
2024-11-08,Oslo City,59.9241,10.7713,149870,0
2024-11-08,Trondheim Torg,63.4412,10.4175,51160,0
2024-11-09,Bergen Storsenter,60.3756,5.3488,94160,0
2024-11-09,Oslo City,59.9241,10.7713,191030,0
2024-11-09,Trondheim Torg,63.4412,10.4175,57860,0
2024-11-10,Bergen Storsenter,60.3756,5.3488,27070,0
2024-11-10,Oslo City,59.9241,10.7713,51610,0
2024-11-10,Trondheim Torg,63.4412,10.4175,19580,0
2024-11-11,Bergen Storsenter,60.3756,5.3488,59400,0
2024-11-11,Oslo City,59.9241,10.7713,101560,0
2024-11-11,Trondheim Torg,63.4412,10.4175,38920,0
2024-11-12,Bergen Storsenter,60.3756,5.3488,56180,0
2024-11-12,Oslo City,59.9241,10.7713,98280,0
2024-11-12,Trondheim Torg,63.4412,10.4175,36610,0
2024-11-13,Bergen Storsenter,60.3756,5.3488,62850,0
2024-11-13,Oslo City,59.9241,10.7713,122180,1
2024-11-13,Trondheim Torg,63.4412,10.4175,40410,1
2024-11-14,Bergen Storsenter,60.3756,5.3488,65510,0
2024-11-14,Oslo City,59.9241,10.7713,111930,0
2024-11-14,Trondheim Torg,63.4412,10.4175,32740,0
2024-11-15,Bergen Storsenter,60.3756,5.3488,89020,0
2024-11-15,Oslo City,59.9241,10.7713,148680,0
2024-11-15,Trondheim Torg,63.4412,10.4175,59350,0
2024-11-16,Bergen Storsenter,60.3756,5.3488,102630,0
2024-11-16,Oslo City,59.9241,10.7713,134030,0
2024-11-16,Trondheim Torg,63.4412,10.4175,65150,0
2024-11-17,Bergen Storsenter,60.3756,5.3488,31790,0
2024-11-17,Oslo City,59.9241,10.7713,58710,0
2024-11-17,Trondheim Torg,63.4412,10.4175,24510,0
2024-11-18,Bergen Storsenter,60.3756,5.3488,65380,0
2024-11-18,Oslo City,59.9241,10.7713,81780,0
2024-11-18,Trondheim Torg,63.4412,10.4175,35940,0
2024-11-19,Bergen Storsenter,60.3756,5.3488,67750,0
2024-11-19,Oslo City,59.9241,10.7713,85530,0
2024-11-19,Trondheim Torg,63.4412,10.4175,32280,0
2024-11-20,Bergen Storsenter,60.3756,5.3488,89710,1
2024-11-20,Oslo City,59.9241,10.7713,114150,1
2024-11-20,Trondheim Torg,63.4412,10.4175,46700,1
2024-11-21,Bergen Storsenter,60.3756,5.3488,84780,1
2024-11-21,Oslo City,59.9241,10.7713,122270,1
2024-11-21,Trondheim Torg,63.4412,10.4175,58210,1
2024-11-22,Bergen Storsenter,60.3756,5.3488,123830,1
2024-11-22,Oslo City,59.9241,10.7713,176090,1
2024-11-22,Trondheim Torg,63.4412,10.4175,91760,1
2024-11-23,Bergen Storsenter,60.3756,5.3488,139780,1
2024-11-23,Oslo City,59.9241,10.7713,220210,1
2024-11-23,Trondheim Torg,63.4412,10.4175,87460,1
2024-11-24,Bergen Storsenter,60.3756,5.3488,38940,1
2024-11-24,Oslo City,59.9241,10.7713,57980,1
2024-11-24,Trondheim Torg,63.4412,10.4175,24710,1
2024-11-25,Bergen Storsenter,60.3756,5.3488,68650,1
2024-11-25,Oslo City,59.9241,10.7713,104590,1
2024-11-25,Trondheim Torg,63.4412,10.4175,39970,1
2024-11-26,Bergen Storsenter,60.3756,5.3488,65990,1
2024-11-26,Oslo City,59.9241,10.7713,110020,1
2024-11-26,Trondheim Torg,63.4412,10.4175,38970,1
2024-11-27,Bergen Storsenter,60.3756,5.3488,91790,1
2024-11-27,Oslo City,59.9241,10.7713,115300,1
2024-11-27,Trondheim Torg,63.4412,10.4175,35530,1
2024-11-28,Bergen Storsenter,60.3756,5.3488,71710,0
2024-11-28,Oslo City,59.9241,10.7713,119480,1
2024-11-28,Trondheim Torg,63.4412,10.4175,63950,1
2024-11-29,Bergen Storsenter,60.3756,5.3488,82090,0
2024-11-29,Oslo City,59.9241,10.7713,138420,0
2024-11-29,Trondheim Torg,63.4412,10.4175,43760,0
2024-11-30,Bergen Storsenter,60.3756,5.3488,91100,0
2024-11-30,Oslo City,59.9241,10.7713,138900,0
2024-11-30,Trondheim Torg,63.4412,10.4175,55710,0
2024-12-01,Bergen Storsenter,60.3756,5.3488,32730,0
2024-12-01,Oslo City,59.9241,10.7713,47680,0
2024-12-01,Trondheim Torg,63.4412,10.4175,17190,0
2024-12-02,Bergen Storsenter,60.3756,5.3488,55630,0
2024-12-02,Oslo City,59.9241,10.7713,102120,0
2024-12-02,Trondheim Torg,63.4412,10.4175,33080,0
2024-12-03,Bergen Storsenter,60.3756,5.3488,63310,0
2024-12-03,Oslo City,59.9241,10.7713,83800,0
2024-12-03,Trondheim Torg,63.4412,10.4175,44390,0
2024-12-04,Bergen Storsenter,60.3756,5.3488,56660,0
2024-12-04,Oslo City,59.9241,10.7713,100770,0
2024-12-04,Trondheim Torg,63.4412,10.4175,43140,0
2024-12-05,Bergen Storsenter,60.3756,5.3488,114100,1
2024-12-05,Oslo City,59.9241,10.7713,135510,0
2024-12-05,Trondheim Torg,63.4412,10.4175,55070,0
2024-12-06,Bergen Storsenter,60.3756,5.3488,119670,0
2024-12-06,Oslo City,59.9241,10.7713,176590,0
2024-12-06,Trondheim Torg,63.4412,10.4175,61180,0
2024-12-07,Bergen Storsenter,60.3756,5.3488,132590,0
2024-12-07,Oslo City,59.9241,10.7713,226100,0
2024-12-07,Trondheim Torg,63.4412,10.4175,61690,0
2024-12-08,Bergen Storsenter,60.3756,5.3488,37700,0
2024-12-08,Oslo City,59.9241,10.7713,69640,0
2024-12-08,Trondheim Torg,63.4412,10.4175,26560,0
2024-12-09,Bergen Storsenter,60.3756,5.3488,74760,0
2024-12-09,Oslo City,59.9241,10.7713,115890,0
2024-12-09,Trondheim Torg,63.4412,10.4175,41080,0
2024-12-10,Bergen Storsenter,60.3756,5.3488,73210,0
2024-12-10,Oslo City,59.9241,10.7713,125730,0
2024-12-10,Trondheim Torg,63.4412,10.4175,43450,0
2024-12-11,Bergen Storsenter,60.3756,5.3488,75940,0
2024-12-11,Oslo City,59.9241,10.7713,105100,0
2024-12-11,Trondheim Torg,63.4412,10.4175,42030,0
2024-12-12,Bergen Storsenter,60.3756,5.3488,80470,0
2024-12-12,Oslo City,59.9241,10.7713,142010,0
2024-12-12,Trondheim Torg,63.4412,10.4175,49090,0
2024-12-13,Bergen Storsenter,60.3756,5.3488,115780,0
2024-12-13,Oslo City,59.9241,10.7713,201730,1
2024-12-13,Trondheim Torg,63.4412,10.4175,82760,1
2024-12-14,Bergen Storsenter,60.3756,5.3488,111770,0
2024-12-14,Oslo City,59.9241,10.7713,202000,0
2024-12-14,Trondheim Torg,63.4412,10.4175,83780,0
2024-12-15,Bergen Storsenter,60.3756,5.3488,44230,0
2024-12-15,Oslo City,59.9241,10.7713,65750,0
2024-12-15,Trondheim Torg,63.4412,10.4175,24600,0
2024-12-16,Bergen Storsenter,60.3756,5.3488,73660,0
2024-12-16,Oslo City,59.9241,10.7713,136460,0
2024-12-16,Trondheim Torg,63.4412,10.4175,46500,0
2024-12-17,Bergen Storsenter,60.3756,5.3488,68510,0
2024-12-17,Oslo City,59.9241,10.7713,153110,0
2024-12-17,Trondheim Torg,63.4412,10.4175,41820,0
2024-12-18,Bergen Storsenter,60.3756,5.3488,94150,0
2024-12-18,Oslo City,59.9241,10.7713,139380,0
2024-12-18,Trondheim Torg,63.4412,10.4175,53310,0
2024-12-19,Bergen Storsenter,60.3756,5.3488,103120,0
2024-12-19,Oslo City,59.9241,10.7713,105890,0
2024-12-19,Trondheim Torg,63.4412,10.4175,58250,0
2024-12-20,Bergen Storsenter,60.3756,5.3488,113470,0
2024-12-20,Oslo City,59.9241,10.7713,226040,0
2024-12-20,Trondheim Torg,63.4412,10.4175,76380,0
2024-12-21,Bergen Storsenter,60.3756,5.3488,123830,0
2024-12-21,Oslo City,59.9241,10.7713,214440,0
2024-12-21,Trondheim Torg,63.4412,10.4175,104070,0
2024-12-22,Bergen Storsenter,60.3756,5.3488,39250,0
2024-12-22,Oslo City,59.9241,10.7713,83940,0
2024-12-22,Trondheim Torg,63.4412,10.4175,35640,0
2024-12-23,Bergen Storsenter,60.3756,5.3488,58620,0
2024-12-23,Oslo City,59.9241,10.7713,80450,0
2024-12-23,Trondheim Torg,63.4412,10.4175,41660,0
2024-12-24,Bergen Storsenter,60.3756,5.3488,61530,0
2024-12-24,Oslo City,59.9241,10.7713,113360,0
2024-12-24,Trondheim Torg,63.4412,10.4175,35650,0
2024-12-25,Bergen Storsenter,60.3756,5.3488,0,0
2024-12-25,Oslo City,59.9241,10.7713,0,0
2024-12-25,Trondheim Torg,63.4412,10.4175,0,0
2024-12-26,Bergen Storsenter,60.3756,5.3488,0,0
2024-12-26,Oslo City,59.9241,10.7713,0,0
2024-12-26,Trondheim Torg,63.4412,10.4175,0,0
2024-12-27,Bergen Storsenter,60.3756,5.3488,110030,0
2024-12-27,Oslo City,59.9241,10.7713,142340,0
2024-12-27,Trondheim Torg,63.4412,10.4175,62900,0
2024-12-28,Bergen Storsenter,60.3756,5.3488,149330,1
2024-12-28,Oslo City,59.9241,10.7713,168760,0
2024-12-28,Trondheim Torg,63.4412,10.4175,59290,0
2024-12-29,Bergen Storsenter,60.3756,5.3488,28960,0
2024-12-29,Oslo City,59.9241,10.7713,43580,0
2024-12-29,Trondheim Torg,63.4412,10.4175,18700,0
2024-12-30,Bergen Storsenter,60.3756,5.3488,60530,0
2024-12-30,Oslo City,59.9241,10.7713,101620,0
2024-12-30,Trondheim Torg,63.4412,10.4175,37630,0
2024-12-31,Bergen Storsenter,60.3756,5.3488,69040,0
2024-12-31,Oslo City,59.9241,10.7713,100720,0
2024-12-31,Trondheim Torg,63.4412,10.4175,36740,0
2025-01-01,Bergen Storsenter,60.3756,5.3488,0,0
2025-01-01,Oslo City,59.9241,10.7713,0,0
2025-01-01,Trondheim Torg,63.4412,10.4175,0,0
2025-01-02,Bergen Storsenter,60.3756,5.3488,69490,0
2025-01-02,Oslo City,59.9241,10.7713,111930,0
2025-01-02,Trondheim Torg,63.4412,10.4175,46760,0
2025-01-03,Bergen Storsenter,60.3756,5.3488,111240,1
2025-01-03,Oslo City,59.9241,10.7713,163230,1
2025-01-03,Trondheim Torg,63.4412,10.4175,77320,1
2025-01-04,Bergen Storsenter,60.3756,5.3488,142670,1
2025-01-04,Oslo City,59.9241,10.7713,232600,1
2025-01-04,Trondheim Torg,63.4412,10.4175,76490,1
2025-01-05,Bergen Storsenter,60.3756,5.3488,42020,1
2025-01-05,Oslo City,59.9241,10.7713,52490,1
2025-01-05,Trondheim Torg,63.4412,10.4175,21950,1
2025-01-06,Bergen Storsenter,60.3756,5.3488,63240,1
2025-01-06,Oslo City,59.9241,10.7713,91770,1
2025-01-06,Trondheim Torg,63.4412,10.4175,42790,1
2025-01-07,Bergen Storsenter,60.3756,5.3488,67680,1
2025-01-07,Oslo City,59.9241,10.7713,94930,1
2025-01-07,Trondheim Torg,63.4412,10.4175,49690,1
2025-01-08,Bergen Storsenter,60.3756,5.3488,66570,1
2025-01-08,Oslo City,59.9241,10.7713,95740,1
2025-01-08,Trondheim Torg,63.4412,10.4175,54880,1
2025-01-09,Bergen Storsenter,60.3756,5.3488,71240,1
2025-01-09,Oslo City,59.9241,10.7713,112820,1
2025-01-09,Trondheim Torg,63.4412,10.4175,48560,1
2025-01-10,Bergen Storsenter,60.3756,5.3488,98720,1
2025-01-10,Oslo City,59.9241,10.7713,153150,1
2025-01-10,Trondheim Torg,63.4412,10.4175,70800,1
2025-01-11,Bergen Storsenter,60.3756,5.3488,116270,1
2025-01-11,Oslo City,59.9241,10.7713,174050,1
2025-01-11,Trondheim Torg,63.4412,10.4175,87540,1
2025-01-12,Bergen Storsenter,60.3756,5.3488,35710,1
2025-01-12,Oslo City,59.9241,10.7713,53840,1
2025-01-12,Trondheim Torg,63.4412,10.4175,25270,1
2025-01-13,Bergen Storsenter,60.3756,5.3488,58110,1
2025-01-13,Oslo City,59.9241,10.7713,107400,1
2025-01-13,Trondheim Torg,63.4412,10.4175,51760,1
2025-01-14,Bergen Storsenter,60.3756,5.3488,63420,1
2025-01-14,Oslo City,59.9241,10.7713,127100,1
2025-01-14,Trondheim Torg,63.4412,10.4175,54220,1
2025-01-15,Bergen Storsenter,60.3756,5.3488,66370,1
2025-01-15,Oslo City,59.9241,10.7713,119690,1
2025-01-15,Trondheim Torg,63.4412,10.4175,52980,1
2025-01-16,Bergen Storsenter,60.3756,5.3488,65850,1
2025-01-16,Oslo City,59.9241,10.7713,95720,1
2025-01-16,Trondheim Torg,63.4412,10.4175,62050,1
2025-01-17,Bergen Storsenter,60.3756,5.3488,89200,1
2025-01-17,Oslo City,59.9241,10.7713,145190,1
2025-01-17,Trondheim Torg,63.4412,10.4175,66550,1
2025-01-18,Bergen Storsenter,60.3756,5.3488,121570,1
2025-01-18,Oslo City,59.9241,10.7713,195390,1
2025-01-18,Trondheim Torg,63.4412,10.4175,116410,1
2025-01-19,Bergen Storsenter,60.3756,5.3488,32020,1
2025-01-19,Oslo City,59.9241,10.7713,67500,1
2025-01-19,Trondheim Torg,63.4412,10.4175,30090,1
2025-01-20,Bergen Storsenter,60.3756,5.3488,62310,1
2025-01-20,Oslo City,59.9241,10.7713,93380,1
2025-01-20,Trondheim Torg,63.4412,10.4175,58500,1
2025-01-21,Bergen Storsenter,60.3756,5.3488,64610,1
2025-01-21,Oslo City,59.9241,10.7713,104140,1
2025-01-21,Trondheim Torg,63.4412,10.4175,47350,1
2025-01-22,Bergen Storsenter,60.3756,5.3488,65230,1
2025-01-22,Oslo City,59.9241,10.7713,97590,1
2025-01-22,Trondheim Torg,63.4412,10.4175,63740,1
2025-01-23,Bergen Storsenter,60.3756,5.3488,80540,1
2025-01-23,Oslo City,59.9241,10.7713,101710,1
2025-01-23,Trondheim Torg,63.4412,10.4175,39940,1
2025-01-24,Bergen Storsenter,60.3756,5.3488,96860,1
2025-01-24,Oslo City,59.9241,10.7713,189810,1
2025-01-24,Trondheim Torg,63.4412,10.4175,77820,1
2025-01-25,Bergen Storsenter,60.3756,5.3488,98070,1
2025-01-25,Oslo City,59.9241,10.7713,179200,1
2025-01-25,Trondheim Torg,63.4412,10.4175,88390,1
2025-01-26,Bergen Storsenter,60.3756,5.3488,32410,1
2025-01-26,Oslo City,59.9241,10.7713,57360,1
2025-01-26,Trondheim Torg,63.4412,10.4175,20390,1
2025-01-27,Bergen Storsenter,60.3756,5.3488,63150,1
2025-01-27,Oslo City,59.9241,10.7713,120290,1
2025-01-27,Trondheim Torg,63.4412,10.4175,35970,1
2025-01-28,Bergen Storsenter,60.3756,5.3488,48560,0
2025-01-28,Oslo City,59.9241,10.7713,99680,0
2025-01-28,Trondheim Torg,63.4412,10.4175,36820,0
2025-01-29,Bergen Storsenter,60.3756,5.3488,55100,0
2025-01-29,Oslo City,59.9241,10.7713,97890,0
2025-01-29,Trondheim Torg,63.4412,10.4175,43470,0
2025-01-30,Bergen Storsenter,60.3756,5.3488,64950,0
2025-01-30,Oslo City,59.9241,10.7713,97460,1
2025-01-30,Trondheim Torg,63.4412,10.4175,62200,1
2025-01-31,Bergen Storsenter,60.3756,5.3488,86750,0
2025-01-31,Oslo City,59.9241,10.7713,101520,0
2025-01-31,Trondheim Torg,63.4412,10.4175,54270,0
2025-02-01,Bergen Storsenter,60.3756,5.3488,90250,0
2025-02-01,Oslo City,59.9241,10.7713,146810,0
2025-02-01,Trondheim Torg,63.4412,10.4175,59940,0
2025-02-02,Bergen Storsenter,60.3756,5.3488,27740,0
2025-02-02,Oslo City,59.9241,10.7713,39780,0
2025-02-02,Trondheim Torg,63.4412,10.4175,15140,0
2025-02-03,Bergen Storsenter,60.3756,5.3488,58230,0
2025-02-03,Oslo City,59.9241,10.7713,75450,0
2025-02-03,Trondheim Torg,63.4412,10.4175,26710,0
2025-02-04,Bergen Storsenter,60.3756,5.3488,48220,0
2025-02-04,Oslo City,59.9241,10.7713,91590,0
2025-02-04,Trondheim Torg,63.4412,10.4175,34230,0
2025-02-05,Bergen Storsenter,60.3756,5.3488,62770,0
2025-02-05,Oslo City,59.9241,10.7713,73050,0
2025-02-05,Trondheim Torg,63.4412,10.4175,34640,0
2025-02-06,Bergen Storsenter,60.3756,5.3488,56790,0
2025-02-06,Oslo City,59.9241,10.7713,101440,0
2025-02-06,Trondheim Torg,63.4412,10.4175,35150,0
2025-02-07,Bergen Storsenter,60.3756,5.3488,80200,0
2025-02-07,Oslo City,59.9241,10.7713,125480,0
2025-02-07,Trondheim Torg,63.4412,10.4175,46650,0
2025-02-08,Bergen Storsenter,60.3756,5.3488,97420,0
2025-02-08,Oslo City,59.9241,10.7713,123040,0
2025-02-08,Trondheim Torg,63.4412,10.4175,46580,0
2025-02-09,Bergen Storsenter,60.3756,5.3488,27430,0
2025-02-09,Oslo City,59.9241,10.7713,42690,0
2025-02-09,Trondheim Torg,63.4412,10.4175,13020,0
2025-02-10,Bergen Storsenter,60.3756,5.3488,48630,0
2025-02-10,Oslo City,59.9241,10.7713,90830,0
2025-02-10,Trondheim Torg,63.4412,10.4175,25310,0
2025-02-11,Bergen Storsenter,60.3756,5.3488,64250,0
2025-02-11,Oslo City,59.9241,10.7713,78320,0
2025-02-11,Trondheim Torg,63.4412,10.4175,35810,0
2025-02-12,Bergen Storsenter,60.3756,5.3488,56950,0
2025-02-12,Oslo City,59.9241,10.7713,99110,0
2025-02-12,Trondheim Torg,63.4412,10.4175,30750,0
2025-02-13,Bergen Storsenter,60.3756,5.3488,58660,0
2025-02-13,Oslo City,59.9241,10.7713,93840,0
2025-02-13,Trondheim Torg,63.4412,10.4175,39140,0
2025-02-14,Bergen Storsenter,60.3756,5.3488,98180,1
2025-02-14,Oslo City,59.9241,10.7713,106720,0
2025-02-14,Trondheim Torg,63.4412,10.4175,45950,0
2025-02-15,Bergen Storsenter,60.3756,5.3488,103090,0
2025-02-15,Oslo City,59.9241,10.7713,108520,0
2025-02-15,Trondheim Torg,63.4412,10.4175,50510,0
2025-02-16,Bergen Storsenter,60.3756,5.3488,24490,0
2025-02-16,Oslo City,59.9241,10.7713,34780,0
2025-02-16,Trondheim Torg,63.4412,10.4175,14450,0
2025-02-17,Bergen Storsenter,60.3756,5.3488,45370,0
2025-02-17,Oslo City,59.9241,10.7713,75260,0
2025-02-17,Trondheim Torg,63.4412,10.4175,27490,0
2025-02-18,Bergen Storsenter,60.3756,5.3488,51040,0
2025-02-18,Oslo City,59.9241,10.7713,87700,0
2025-02-18,Trondheim Torg,63.4412,10.4175,27580,0
2025-02-19,Bergen Storsenter,60.3756,5.3488,48510,0
2025-02-19,Oslo City,59.9241,10.7713,95510,0
2025-02-19,Trondheim Torg,63.4412,10.4175,24380,0
2025-02-20,Bergen Storsenter,60.3756,5.3488,60860,0
2025-02-20,Oslo City,59.9241,10.7713,82950,0
2025-02-20,Trondheim Torg,63.4412,10.4175,37800,0
2025-02-21,Bergen Storsenter,60.3756,5.3488,72460,0
2025-02-21,Oslo City,59.9241,10.7713,127250,0
2025-02-21,Trondheim Torg,63.4412,10.4175,44200,0
2025-02-22,Bergen Storsenter,60.3756,5.3488,90720,0
2025-02-22,Oslo City,59.9241,10.7713,175330,1
2025-02-22,Trondheim Torg,63.4412,10.4175,52790,1
2025-02-23,Bergen Storsenter,60.3756,5.3488,25200,0
2025-02-23,Oslo City,59.9241,10.7713,32840,0
2025-02-23,Trondheim Torg,63.4412,10.4175,15610,0
2025-02-24,Bergen Storsenter,60.3756,5.3488,46470,0
2025-02-24,Oslo City,59.9241,10.7713,95820,0
2025-02-24,Trondheim Torg,63.4412,10.4175,27290,0
2025-02-25,Bergen Storsenter,60.3756,5.3488,35680,0
2025-02-25,Oslo City,59.9241,10.7713,93950,0
2025-02-25,Trondheim Torg,63.4412,10.4175,30800,0
2025-02-26,Bergen Storsenter,60.3756,5.3488,45410,0
2025-02-26,Oslo City,59.9241,10.7713,90700,0
2025-02-26,Trondheim Torg,63.4412,10.4175,29330,0
2025-02-27,Bergen Storsenter,60.3756,5.3488,69440,0
2025-02-27,Oslo City,59.9241,10.7713,95290,0
2025-02-27,Trondheim Torg,63.4412,10.4175,35770,0
2025-02-28,Bergen Storsenter,60.3756,5.3488,69460,0
2025-02-28,Oslo City,59.9241,10.7713,123860,0
2025-02-28,Trondheim Torg,63.4412,10.4175,33890,0
2025-03-01,Bergen Storsenter,60.3756,5.3488,89370,1
2025-03-01,Oslo City,59.9241,10.7713,149110,0
2025-03-01,Trondheim Torg,63.4412,10.4175,41440,0
2025-03-02,Bergen Storsenter,60.3756,5.3488,26650,0
2025-03-02,Oslo City,59.9241,10.7713,39390,0
2025-03-02,Trondheim Torg,63.4412,10.4175,14490,0
2025-03-03,Bergen Storsenter,60.3756,5.3488,44200,0
2025-03-03,Oslo City,59.9241,10.7713,75180,0
2025-03-03,Trondheim Torg,63.4412,10.4175,23600,0
2025-03-04,Bergen Storsenter,60.3756,5.3488,46190,0
2025-03-04,Oslo City,59.9241,10.7713,71640,0
2025-03-04,Trondheim Torg,63.4412,10.4175,24750,0
2025-03-05,Bergen Storsenter,60.3756,5.3488,53850,0
2025-03-05,Oslo City,59.9241,10.7713,74810,0
2025-03-05,Trondheim Torg,63.4412,10.4175,22370,0
2025-03-06,Bergen Storsenter,60.3756,5.3488,57500,0
2025-03-06,Oslo City,59.9241,10.7713,66950,0
2025-03-06,Trondheim Torg,63.4412,10.4175,34070,0
2025-03-07,Bergen Storsenter,60.3756,5.3488,78740,0
2025-03-07,Oslo City,59.9241,10.7713,113640,0
2025-03-07,Trondheim Torg,63.4412,10.4175,51240,0
2025-03-08,Bergen Storsenter,60.3756,5.3488,89220,0
2025-03-08,Oslo City,59.9241,10.7713,128790,0
2025-03-08,Trondheim Torg,63.4412,10.4175,57690,0
2025-03-09,Bergen Storsenter,60.3756,5.3488,24850,0
2025-03-09,Oslo City,59.9241,10.7713,53500,1
2025-03-09,Trondheim Torg,63.4412,10.4175,20140,1
2025-03-10,Bergen Storsenter,60.3756,5.3488,41020,0
2025-03-10,Oslo City,59.9241,10.7713,86360,0
2025-03-10,Trondheim Torg,63.4412,10.4175,26910,0
2025-03-11,Bergen Storsenter,60.3756,5.3488,40090,0
2025-03-11,Oslo City,59.9241,10.7713,74250,0
2025-03-11,Trondheim Torg,63.4412,10.4175,29840,0
2025-03-12,Bergen Storsenter,60.3756,5.3488,53090,0
2025-03-12,Oslo City,59.9241,10.7713,90110,0
2025-03-12,Trondheim Torg,63.4412,10.4175,31250,0
2025-03-13,Bergen Storsenter,60.3756,5.3488,58530,0
2025-03-13,Oslo City,59.9241,10.7713,74770,0
2025-03-13,Trondheim Torg,63.4412,10.4175,36870,0
2025-03-14,Bergen Storsenter,60.3756,5.3488,66830,0
2025-03-14,Oslo City,59.9241,10.7713,113590,0
2025-03-14,Trondheim Torg,63.4412,10.4175,42890,0
2025-03-15,Bergen Storsenter,60.3756,5.3488,74090,0
2025-03-15,Oslo City,59.9241,10.7713,96000,0
2025-03-15,Trondheim Torg,63.4412,10.4175,49910,0
2025-03-16,Bergen Storsenter,60.3756,5.3488,28550,1
2025-03-16,Oslo City,59.9241,10.7713,37570,0
2025-03-16,Trondheim Torg,63.4412,10.4175,13790,0
2025-03-17,Bergen Storsenter,60.3756,5.3488,32530,0
2025-03-17,Oslo City,59.9241,10.7713,79330,0
2025-03-17,Trondheim Torg,63.4412,10.4175,29520,0
2025-03-18,Bergen Storsenter,60.3756,5.3488,43870,0
2025-03-18,Oslo City,59.9241,10.7713,62470,0
2025-03-18,Trondheim Torg,63.4412,10.4175,25790,0
2025-03-19,Bergen Storsenter,60.3756,5.3488,44210,0
2025-03-19,Oslo City,59.9241,10.7713,60460,0
2025-03-19,Trondheim Torg,63.4412,10.4175,28450,0
2025-03-20,Bergen Storsenter,60.3756,5.3488,51810,0
2025-03-20,Oslo City,59.9241,10.7713,81530,0
2025-03-20,Trondheim Torg,63.4412,10.4175,35180,0
2025-03-21,Bergen Storsenter,60.3756,5.3488,60510,0
2025-03-21,Oslo City,59.9241,10.7713,99170,0
2025-03-21,Trondheim Torg,63.4412,10.4175,45710,0
2025-03-22,Bergen Storsenter,60.3756,5.3488,68310,0
2025-03-22,Oslo City,59.9241,10.7713,156470,0
2025-03-22,Trondheim Torg,63.4412,10.4175,38460,0
2025-03-23,Bergen Storsenter,60.3756,5.3488,21200,0
2025-03-23,Oslo City,59.9241,10.7713,30710,0
2025-03-23,Trondheim Torg,63.4412,10.4175,11230,0
2025-03-24,Bergen Storsenter,60.3756,5.3488,43430,0
2025-03-24,Oslo City,59.9241,10.7713,82770,1
2025-03-24,Trondheim Torg,63.4412,10.4175,31770,1
2025-03-25,Bergen Storsenter,60.3756,5.3488,39770,0
2025-03-25,Oslo City,59.9241,10.7713,83020,0
2025-03-25,Trondheim Torg,63.4412,10.4175,31800,0
2025-03-26,Bergen Storsenter,60.3756,5.3488,51120,0
2025-03-26,Oslo City,59.9241,10.7713,92570,0
2025-03-26,Trondheim Torg,63.4412,10.4175,30250,0
2025-03-27,Bergen Storsenter,60.3756,5.3488,40960,0
2025-03-27,Oslo City,59.9241,10.7713,73780,0
2025-03-27,Trondheim Torg,63.4412,10.4175,36060,0
2025-03-28,Bergen Storsenter,60.3756,5.3488,71880,0
2025-03-28,Oslo City,59.9241,10.7713,112110,0
2025-03-28,Trondheim Torg,63.4412,10.4175,55770,0
2025-03-29,Bergen Storsenter,60.3756,5.3488,78020,0
2025-03-29,Oslo City,59.9241,10.7713,107210,0
2025-03-29,Trondheim Torg,63.4412,10.4175,59740,0
2025-03-30,Bergen Storsenter,60.3756,5.3488,21270,0
2025-03-30,Oslo City,59.9241,10.7713,35250,0
2025-03-30,Trondheim Torg,63.4412,10.4175,19170,0
2025-03-31,Bergen Storsenter,60.3756,5.3488,45480,0
2025-03-31,Oslo City,59.9241,10.7713,67460,0
2025-03-31,Trondheim Torg,63.4412,10.4175,33770,0
2025-04-01,Bergen Storsenter,60.3756,5.3488,45070,0
2025-04-01,Oslo City,59.9241,10.7713,56100,0
2025-04-01,Trondheim Torg,63.4412,10.4175,27940,0
2025-04-02,Bergen Storsenter,60.3756,5.3488,43610,0
2025-04-02,Oslo City,59.9241,10.7713,64300,0
2025-04-02,Trondheim Torg,63.4412,10.4175,29760,0
2025-04-03,Bergen Storsenter,60.3756,5.3488,46370,0
2025-04-03,Oslo City,59.9241,10.7713,67970,0
2025-04-03,Trondheim Torg,63.4412,10.4175,32110,0
2025-04-04,Bergen Storsenter,60.3756,5.3488,54410,0
2025-04-04,Oslo City,59.9241,10.7713,96990,0
2025-04-04,Trondheim Torg,63.4412,10.4175,37480,0
2025-04-05,Bergen Storsenter,60.3756,5.3488,61480,0
2025-04-05,Oslo City,59.9241,10.7713,126830,0
2025-04-05,Trondheim Torg,63.4412,10.4175,44140,0
2025-04-06,Bergen Storsenter,60.3756,5.3488,17950,0
2025-04-06,Oslo City,59.9241,10.7713,36420,0
2025-04-06,Trondheim Torg,63.4412,10.4175,14340,0
2025-04-07,Bergen Storsenter,60.3756,5.3488,35840,0
2025-04-07,Oslo City,59.9241,10.7713,70420,0
2025-04-07,Trondheim Torg,63.4412,10.4175,24270,0
2025-04-08,Bergen Storsenter,60.3756,5.3488,53100,1
2025-04-08,Oslo City,59.9241,10.7713,64940,0
2025-04-08,Trondheim Torg,63.4412,10.4175,26840,0
2025-04-09,Bergen Storsenter,60.3756,5.3488,42830,0
2025-04-09,Oslo City,59.9241,10.7713,70930,0
2025-04-09,Trondheim Torg,63.4412,10.4175,25490,0
2025-04-10,Bergen Storsenter,60.3756,5.3488,42810,0
2025-04-10,Oslo City,59.9241,10.7713,77860,0
2025-04-10,Trondheim Torg,63.4412,10.4175,29900,0
2025-04-11,Bergen Storsenter,60.3756,5.3488,63770,0
2025-04-11,Oslo City,59.9241,10.7713,96370,0
2025-04-11,Trondheim Torg,63.4412,10.4175,39630,0
2025-04-12,Bergen Storsenter,60.3756,5.3488,54630,0
2025-04-12,Oslo City,59.9241,10.7713,98950,0
2025-04-12,Trondheim Torg,63.4412,10.4175,46480,0
2025-04-13,Bergen Storsenter,60.3756,5.3488,21570,0
2025-04-13,Oslo City,59.9241,10.7713,37560,0
2025-04-13,Trondheim Torg,63.4412,10.4175,12180,0
2025-04-14,Bergen Storsenter,60.3756,5.3488,42740,0
2025-04-14,Oslo City,59.9241,10.7713,71540,0
2025-04-14,Trondheim Torg,63.4412,10.4175,28290,0
2025-04-15,Bergen Storsenter,60.3756,5.3488,42050,0
2025-04-15,Oslo City,59.9241,10.7713,53170,0
2025-04-15,Trondheim Torg,63.4412,10.4175,26840,0
2025-04-16,Bergen Storsenter,60.3756,5.3488,39290,0
2025-04-16,Oslo City,59.9241,10.7713,71180,1
2025-04-16,Trondheim Torg,63.4412,10.4175,41560,1
2025-04-17,Bergen Storsenter,60.3756,5.3488,0,0
2025-04-17,Oslo City,59.9241,10.7713,0,0
2025-04-17,Trondheim Torg,63.4412,10.4175,0,0
2025-04-18,Bergen Storsenter,60.3756,5.3488,0,0
2025-04-18,Oslo City,59.9241,10.7713,0,0
2025-04-18,Trondheim Torg,63.4412,10.4175,0,0
2025-04-19,Bergen Storsenter,60.3756,5.3488,62970,0
2025-04-19,Oslo City,59.9241,10.7713,77910,0
2025-04-19,Trondheim Torg,63.4412,10.4175,34080,0
2025-04-20,Bergen Storsenter,60.3756,5.3488,24670,0
2025-04-20,Oslo City,59.9241,10.7713,29370,0
2025-04-20,Trondheim Torg,63.4412,10.4175,15860,0
2025-04-21,Bergen Storsenter,60.3756,5.3488,0,0
2025-04-21,Oslo City,59.9241,10.7713,0,0
2025-04-21,Trondheim Torg,63.4412,10.4175,0,0
2025-04-22,Bergen Storsenter,60.3756,5.3488,39340,0
2025-04-22,Oslo City,59.9241,10.7713,52280,0
2025-04-22,Trondheim Torg,63.4412,10.4175,23850,0
2025-04-23,Bergen Storsenter,60.3756,5.3488,47150,1
2025-04-23,Oslo City,59.9241,10.7713,48050,0
2025-04-23,Trondheim Torg,63.4412,10.4175,24340,0
2025-04-24,Bergen Storsenter,60.3756,5.3488,39710,0
2025-04-24,Oslo City,59.9241,10.7713,55290,0
2025-04-24,Trondheim Torg,63.4412,10.4175,25080,0
2025-04-25,Bergen Storsenter,60.3756,5.3488,62460,0
2025-04-25,Oslo City,59.9241,10.7713,66290,0
2025-04-25,Trondheim Torg,63.4412,10.4175,36840,0
2025-04-26,Bergen Storsenter,60.3756,5.3488,61110,0
2025-04-26,Oslo City,59.9241,10.7713,81520,0
2025-04-26,Trondheim Torg,63.4412,10.4175,37320,0
2025-04-27,Bergen Storsenter,60.3756,5.3488,16750,0
2025-04-27,Oslo City,59.9241,10.7713,29320,0
2025-04-27,Trondheim Torg,63.4412,10.4175,12010,0
2025-04-28,Bergen Storsenter,60.3756,5.3488,34810,0
2025-04-28,Oslo City,59.9241,10.7713,45950,0
2025-04-28,Trondheim Torg,63.4412,10.4175,20740,0
2025-04-29,Bergen Storsenter,60.3756,5.3488,33850,0
2025-04-29,Oslo City,59.9241,10.7713,67840,0
2025-04-29,Trondheim Torg,63.4412,10.4175,22350,0
2025-04-30,Bergen Storsenter,60.3756,5.3488,39300,0
2025-04-30,Oslo City,59.9241,10.7713,52960,0
2025-04-30,Trondheim Torg,63.4412,10.4175,24800,0
2025-05-01,Bergen Storsenter,60.3756,5.3488,0,0
2025-05-01,Oslo City,59.9241,10.7713,0,0
2025-05-01,Trondheim Torg,63.4412,10.4175,0,0
2025-05-02,Bergen Storsenter,60.3756,5.3488,59750,0
2025-05-02,Oslo City,59.9241,10.7713,78140,0
2025-05-02,Trondheim Torg,63.4412,10.4175,36320,0
2025-05-03,Bergen Storsenter,60.3756,5.3488,72170,0
2025-05-03,Oslo City,59.9241,10.7713,92010,0
2025-05-03,Trondheim Torg,63.4412,10.4175,38710,0
2025-05-04,Bergen Storsenter,60.3756,5.3488,21870,0
2025-05-04,Oslo City,59.9241,10.7713,30410,0
2025-05-04,Trondheim Torg,63.4412,10.4175,13070,0
2025-05-05,Bergen Storsenter,60.3756,5.3488,34340,0
2025-05-05,Oslo City,59.9241,10.7713,53580,0
2025-05-05,Trondheim Torg,63.4412,10.4175,21930,0
2025-05-06,Bergen Storsenter,60.3756,5.3488,33200,0
2025-05-06,Oslo City,59.9241,10.7713,61710,0
2025-05-06,Trondheim Torg,63.4412,10.4175,19760,0
2025-05-07,Bergen Storsenter,60.3756,5.3488,36160,0
2025-05-07,Oslo City,59.9241,10.7713,61710,0
2025-05-07,Trondheim Torg,63.4412,10.4175,19710,0
2025-05-08,Bergen Storsenter,60.3756,5.3488,44480,1
2025-05-08,Oslo City,59.9241,10.7713,67770,0
2025-05-08,Trondheim Torg,63.4412,10.4175,20890,0
2025-05-09,Bergen Storsenter,60.3756,5.3488,52920,0
2025-05-09,Oslo City,59.9241,10.7713,81930,0
2025-05-09,Trondheim Torg,63.4412,10.4175,30770,0
2025-05-10,Bergen Storsenter,60.3756,5.3488,57380,0
2025-05-10,Oslo City,59.9241,10.7713,91280,0
2025-05-10,Trondheim Torg,63.4412,10.4175,31640,0
2025-05-11,Bergen Storsenter,60.3756,5.3488,16030,0
2025-05-11,Oslo City,59.9241,10.7713,28740,0
2025-05-11,Trondheim Torg,63.4412,10.4175,9250,0
2025-05-12,Bergen Storsenter,60.3756,5.3488,27140,0
2025-05-12,Oslo City,59.9241,10.7713,60900,0
2025-05-12,Trondheim Torg,63.4412,10.4175,17990,0
2025-05-13,Bergen Storsenter,60.3756,5.3488,32280,0
2025-05-13,Oslo City,59.9241,10.7713,52600,0
2025-05-13,Trondheim Torg,63.4412,10.4175,23020,0
2025-05-14,Bergen Storsenter,60.3756,5.3488,36760,0
2025-05-14,Oslo City,59.9241,10.7713,55540,0
2025-05-14,Trondheim Torg,63.4412,10.4175,20890,0
2025-05-15,Bergen Storsenter,60.3756,5.3488,40330,0
2025-05-15,Oslo City,59.9241,10.7713,67270,0
2025-05-15,Trondheim Torg,63.4412,10.4175,21190,0
2025-05-16,Bergen Storsenter,60.3756,5.3488,55500,0
2025-05-16,Oslo City,59.9241,10.7713,103320,1
2025-05-16,Trondheim Torg,63.4412,10.4175,43800,1
2025-05-17,Bergen Storsenter,60.3756,5.3488,0,0
2025-05-17,Oslo City,59.9241,10.7713,0,0
2025-05-17,Trondheim Torg,63.4412,10.4175,0,0
2025-05-18,Bergen Storsenter,60.3756,5.3488,16560,0
2025-05-18,Oslo City,59.9241,10.7713,27560,0
2025-05-18,Trondheim Torg,63.4412,10.4175,11410,0
2025-05-19,Bergen Storsenter,60.3756,5.3488,31890,0
2025-05-19,Oslo City,59.9241,10.7713,48580,0
2025-05-19,Trondheim Torg,63.4412,10.4175,26710,0
2025-05-20,Bergen Storsenter,60.3756,5.3488,31750,0
2025-05-20,Oslo City,59.9241,10.7713,52110,0
2025-05-20,Trondheim Torg,63.4412,10.4175,24620,0
2025-05-21,Bergen Storsenter,60.3756,5.3488,39130,0
2025-05-21,Oslo City,59.9241,10.7713,49680,0
2025-05-21,Trondheim Torg,63.4412,10.4175,24140,0
2025-05-22,Bergen Storsenter,60.3756,5.3488,39470,0
2025-05-22,Oslo City,59.9241,10.7713,58430,0
2025-05-22,Trondheim Torg,63.4412,10.4175,22640,0
2025-05-23,Bergen Storsenter,60.3756,5.3488,52130,0
2025-05-23,Oslo City,59.9241,10.7713,73830,0
2025-05-23,Trondheim Torg,63.4412,10.4175,33870,0
2025-05-24,Bergen Storsenter,60.3756,5.3488,64290,0
2025-05-24,Oslo City,59.9241,10.7713,79560,0
2025-05-24,Trondheim Torg,63.4412,10.4175,40400,0
2025-05-25,Bergen Storsenter,60.3756,5.3488,16240,0
2025-05-25,Oslo City,59.9241,10.7713,26040,0
2025-05-25,Trondheim Torg,63.4412,10.4175,13880,0
2025-05-26,Bergen Storsenter,60.3756,5.3488,28670,0
2025-05-26,Oslo City,59.9241,10.7713,47330,0
2025-05-26,Trondheim Torg,63.4412,10.4175,22920,0
2025-05-27,Bergen Storsenter,60.3756,5.3488,34830,0
2025-05-27,Oslo City,59.9241,10.7713,51390,0
2025-05-27,Trondheim Torg,63.4412,10.4175,22700,0
2025-05-28,Bergen Storsenter,60.3756,5.3488,33440,0
2025-05-28,Oslo City,59.9241,10.7713,54640,0
2025-05-28,Trondheim Torg,63.4412,10.4175,24480,0
2025-05-29,Bergen Storsenter,60.3756,5.3488,0,0
2025-05-29,Oslo City,59.9241,10.7713,0,0
2025-05-29,Trondheim Torg,63.4412,10.4175,0,0
2025-05-30,Bergen Storsenter,60.3756,5.3488,55710,0
2025-05-30,Oslo City,59.9241,10.7713,75020,0
2025-05-30,Trondheim Torg,63.4412,10.4175,32730,0
2025-05-31,Bergen Storsenter,60.3756,5.3488,66620,1
2025-05-31,Oslo City,59.9241,10.7713,89050,0
2025-05-31,Trondheim Torg,63.4412,10.4175,34430,0
2025-06-01,Bergen Storsenter,60.3756,5.3488,16290,0
2025-06-01,Oslo City,59.9241,10.7713,27790,0
2025-06-01,Trondheim Torg,63.4412,10.4175,10580,0
2025-06-02,Bergen Storsenter,60.3756,5.3488,30660,0
2025-06-02,Oslo City,59.9241,10.7713,42000,0
2025-06-02,Trondheim Torg,63.4412,10.4175,22530,0
2025-06-03,Bergen Storsenter,60.3756,5.3488,42910,0
2025-06-03,Oslo City,59.9241,10.7713,60980,0
2025-06-03,Trondheim Torg,63.4412,10.4175,19840,0
2025-06-04,Bergen Storsenter,60.3756,5.3488,32920,0
2025-06-04,Oslo City,59.9241,10.7713,60720,0
2025-06-04,Trondheim Torg,63.4412,10.4175,23630,0
2025-06-05,Bergen Storsenter,60.3756,5.3488,39270,0
2025-06-05,Oslo City,59.9241,10.7713,55560,0
2025-06-05,Trondheim Torg,63.4412,10.4175,22300,0
2025-06-06,Bergen Storsenter,60.3756,5.3488,48180,0
2025-06-06,Oslo City,59.9241,10.7713,75840,0
2025-06-06,Trondheim Torg,63.4412,10.4175,30970,0
2025-06-07,Bergen Storsenter,60.3756,5.3488,54660,0
2025-06-07,Oslo City,59.9241,10.7713,92140,0
2025-06-07,Trondheim Torg,63.4412,10.4175,36810,0
2025-06-08,Bergen Storsenter,60.3756,5.3488,16780,0
2025-06-08,Oslo City,59.9241,10.7713,30930,1
2025-06-08,Trondheim Torg,63.4412,10.4175,14260,1
2025-06-09,Bergen Storsenter,60.3756,5.3488,0,0
2025-06-09,Oslo City,59.9241,10.7713,0,0
2025-06-09,Trondheim Torg,63.4412,10.4175,0,0
2025-06-10,Bergen Storsenter,60.3756,5.3488,36640,0
2025-06-10,Oslo City,59.9241,10.7713,49680,0
2025-06-10,Trondheim Torg,63.4412,10.4175,22000,0
2025-06-11,Bergen Storsenter,60.3756,5.3488,33950,0
2025-06-11,Oslo City,59.9241,10.7713,54370,0
2025-06-11,Trondheim Torg,63.4412,10.4175,24580,0
2025-06-12,Bergen Storsenter,60.3756,5.3488,40640,0
2025-06-12,Oslo City,59.9241,10.7713,59160,0
2025-06-12,Trondheim Torg,63.4412,10.4175,26590,0
2025-06-13,Bergen Storsenter,60.3756,5.3488,53470,0
2025-06-13,Oslo City,59.9241,10.7713,78730,0
2025-06-13,Trondheim Torg,63.4412,10.4175,33480,0
2025-06-14,Bergen Storsenter,60.3756,5.3488,53090,0
2025-06-14,Oslo City,59.9241,10.7713,88100,0
2025-06-14,Trondheim Torg,63.4412,10.4175,36870,0
2025-06-15,Bergen Storsenter,60.3756,5.3488,18360,1
2025-06-15,Oslo City,59.9241,10.7713,26490,0
2025-06-15,Trondheim Torg,63.4412,10.4175,10250,0
2025-06-16,Bergen Storsenter,60.3756,5.3488,27620,0
2025-06-16,Oslo City,59.9241,10.7713,53120,0
2025-06-16,Trondheim Torg,63.4412,10.4175,19240,0
2025-06-17,Bergen Storsenter,60.3756,5.3488,25030,0
2025-06-17,Oslo City,59.9241,10.7713,46900,0
2025-06-17,Trondheim Torg,63.4412,10.4175,16710,0
2025-06-18,Bergen Storsenter,60.3756,5.3488,33730,0
2025-06-18,Oslo City,59.9241,10.7713,58640,0
2025-06-18,Trondheim Torg,63.4412,10.4175,22580,0
2025-06-19,Bergen Storsenter,60.3756,5.3488,38790,0
2025-06-19,Oslo City,59.9241,10.7713,59420,0
2025-06-19,Trondheim Torg,63.4412,10.4175,21190,0
2025-06-20,Bergen Storsenter,60.3756,5.3488,47940,0
2025-06-20,Oslo City,59.9241,10.7713,82870,0
2025-06-20,Trondheim Torg,63.4412,10.4175,30560,0
2025-06-21,Bergen Storsenter,60.3756,5.3488,59300,0
2025-06-21,Oslo City,59.9241,10.7713,93470,0
2025-06-21,Trondheim Torg,63.4412,10.4175,36640,0
2025-06-22,Bergen Storsenter,60.3756,5.3488,15980,0
2025-06-22,Oslo City,59.9241,10.7713,30430,0
2025-06-22,Trondheim Torg,63.4412,10.4175,10980,0
2025-06-23,Bergen Storsenter,60.3756,5.3488,36230,0
2025-06-23,Oslo City,59.9241,10.7713,63450,1
2025-06-23,Trondheim Torg,63.4412,10.4175,20850,1
2025-06-24,Bergen Storsenter,60.3756,5.3488,31690,0
2025-06-24,Oslo City,59.9241,10.7713,53000,0
2025-06-24,Trondheim Torg,63.4412,10.4175,19400,0
2025-06-25,Bergen Storsenter,60.3756,5.3488,33780,0
2025-06-25,Oslo City,59.9241,10.7713,60820,0
2025-06-25,Trondheim Torg,63.4412,10.4175,19040,0
2025-06-26,Bergen Storsenter,60.3756,5.3488,39080,0
2025-06-26,Oslo City,59.9241,10.7713,53230,0
2025-06-26,Trondheim Torg,63.4412,10.4175,25130,0
2025-06-27,Bergen Storsenter,60.3756,5.3488,50290,0
2025-06-27,Oslo City,59.9241,10.7713,85590,0
2025-06-27,Trondheim Torg,63.4412,10.4175,32620,0
2025-06-28,Bergen Storsenter,60.3756,5.3488,64950,0
2025-06-28,Oslo City,59.9241,10.7713,90640,0
2025-06-28,Trondheim Torg,63.4412,10.4175,44600,0
2025-06-29,Bergen Storsenter,60.3756,5.3488,20970,1
2025-06-29,Oslo City,59.9241,10.7713,24560,1
2025-06-29,Trondheim Torg,63.4412,10.4175,14120,1
2025-06-30,Bergen Storsenter,60.3756,5.3488,42560,1
2025-06-30,Oslo City,59.9241,10.7713,53390,1
2025-06-30,Trondheim Torg,63.4412,10.4175,21280,1
2025-07-01,Bergen Storsenter,60.3756,5.3488,41160,1
2025-07-01,Oslo City,59.9241,10.7713,61710,1
2025-07-01,Trondheim Torg,63.4412,10.4175,28320,1
2025-07-02,Bergen Storsenter,60.3756,5.3488,38910,1
2025-07-02,Oslo City,59.9241,10.7713,60270,1
2025-07-02,Trondheim Torg,63.4412,10.4175,24890,1
2025-07-03,Bergen Storsenter,60.3756,5.3488,51290,1
2025-07-03,Oslo City,59.9241,10.7713,62160,1
2025-07-03,Trondheim Torg,63.4412,10.4175,34100,1
2025-07-04,Bergen Storsenter,60.3756,5.3488,63530,1
2025-07-04,Oslo City,59.9241,10.7713,102460,1
2025-07-04,Trondheim Torg,63.4412,10.4175,37020,1
2025-07-05,Bergen Storsenter,60.3756,5.3488,65030,1
2025-07-05,Oslo City,59.9241,10.7713,94520,1
2025-07-05,Trondheim Torg,63.4412,10.4175,45090,1
2025-07-06,Bergen Storsenter,60.3756,5.3488,23690,1
2025-07-06,Oslo City,59.9241,10.7713,34730,1
2025-07-06,Trondheim Torg,63.4412,10.4175,13000,1
2025-07-07,Bergen Storsenter,60.3756,5.3488,40300,1
2025-07-07,Oslo City,59.9241,10.7713,67680,1
2025-07-07,Trondheim Torg,63.4412,10.4175,26090,1
2025-07-08,Bergen Storsenter,60.3756,5.3488,42330,1
2025-07-08,Oslo City,59.9241,10.7713,62810,1
2025-07-08,Trondheim Torg,63.4412,10.4175,26820,1
2025-07-09,Bergen Storsenter,60.3756,5.3488,40610,1
2025-07-09,Oslo City,59.9241,10.7713,62340,1
2025-07-09,Trondheim Torg,63.4412,10.4175,22480,1
2025-07-10,Bergen Storsenter,60.3756,5.3488,48450,1
2025-07-10,Oslo City,59.9241,10.7713,72400,1
2025-07-10,Trondheim Torg,63.4412,10.4175,28340,1
2025-07-11,Bergen Storsenter,60.3756,5.3488,69210,1
2025-07-11,Oslo City,59.9241,10.7713,108290,1
2025-07-11,Trondheim Torg,63.4412,10.4175,45370,1
2025-07-12,Bergen Storsenter,60.3756,5.3488,77570,1
2025-07-12,Oslo City,59.9241,10.7713,106170,1
2025-07-12,Trondheim Torg,63.4412,10.4175,44660,1
2025-07-13,Bergen Storsenter,60.3756,5.3488,21410,1
2025-07-13,Oslo City,59.9241,10.7713,33350,1
2025-07-13,Trondheim Torg,63.4412,10.4175,14130,1
2025-07-14,Bergen Storsenter,60.3756,5.3488,36480,1
2025-07-14,Oslo City,59.9241,10.7713,75320,1
2025-07-14,Trondheim Torg,63.4412,10.4175,29320,1
2025-07-15,Bergen Storsenter,60.3756,5.3488,40170,1
2025-07-15,Oslo City,59.9241,10.7713,72120,1
2025-07-15,Trondheim Torg,63.4412,10.4175,30180,1
2025-07-16,Bergen Storsenter,60.3756,5.3488,41200,1
2025-07-16,Oslo City,59.9241,10.7713,86480,1
2025-07-16,Trondheim Torg,63.4412,10.4175,30960,1
2025-07-17,Bergen Storsenter,60.3756,5.3488,48170,1
2025-07-17,Oslo City,59.9241,10.7713,69210,1
2025-07-17,Trondheim Torg,63.4412,10.4175,32930,1
2025-07-18,Bergen Storsenter,60.3756,5.3488,71800,1
2025-07-18,Oslo City,59.9241,10.7713,85400,1
2025-07-18,Trondheim Torg,63.4412,10.4175,45940,1
2025-07-19,Bergen Storsenter,60.3756,5.3488,76970,1
2025-07-19,Oslo City,59.9241,10.7713,118250,1
2025-07-19,Trondheim Torg,63.4412,10.4175,53000,1
2025-07-20,Bergen Storsenter,60.3756,5.3488,19180,0
2025-07-20,Oslo City,59.9241,10.7713,30510,0
2025-07-20,Trondheim Torg,63.4412,10.4175,13440,0
2025-07-21,Bergen Storsenter,60.3756,5.3488,39020,0
2025-07-21,Oslo City,59.9241,10.7713,57090,0
2025-07-21,Trondheim Torg,63.4412,10.4175,26430,0
2025-07-22,Bergen Storsenter,60.3756,5.3488,38200,0
2025-07-22,Oslo City,59.9241,10.7713,51190,0
2025-07-22,Trondheim Torg,63.4412,10.4175,22560,0
2025-07-23,Bergen Storsenter,60.3756,5.3488,45980,1
2025-07-23,Oslo City,59.9241,10.7713,60010,0
2025-07-23,Trondheim Torg,63.4412,10.4175,24500,0
2025-07-24,Bergen Storsenter,60.3756,5.3488,43950,0
2025-07-24,Oslo City,59.9241,10.7713,61680,0
2025-07-24,Trondheim Torg,63.4412,10.4175,34110,0
2025-07-25,Bergen Storsenter,60.3756,5.3488,62840,0
2025-07-25,Oslo City,59.9241,10.7713,83260,0
2025-07-25,Trondheim Torg,63.4412,10.4175,47060,0
2025-07-26,Bergen Storsenter,60.3756,5.3488,70580,0
2025-07-26,Oslo City,59.9241,10.7713,113170,0
2025-07-26,Trondheim Torg,63.4412,10.4175,43890,0
2025-07-27,Bergen Storsenter,60.3756,5.3488,19180,0
2025-07-27,Oslo City,59.9241,10.7713,34790,0
2025-07-27,Trondheim Torg,63.4412,10.4175,11160,0
2025-07-28,Bergen Storsenter,60.3756,5.3488,38330,0
2025-07-28,Oslo City,59.9241,10.7713,50680,0
2025-07-28,Trondheim Torg,63.4412,10.4175,24320,0
2025-07-29,Bergen Storsenter,60.3756,5.3488,33490,0
2025-07-29,Oslo City,59.9241,10.7713,60880,0
2025-07-29,Trondheim Torg,63.4412,10.4175,22810,0
2025-07-30,Bergen Storsenter,60.3756,5.3488,34360,0
2025-07-30,Oslo City,59.9241,10.7713,48980,0
2025-07-30,Trondheim Torg,63.4412,10.4175,30120,0
2025-07-31,Bergen Storsenter,60.3756,5.3488,47200,0
2025-07-31,Oslo City,59.9241,10.7713,76440,1
2025-07-31,Trondheim Torg,63.4412,10.4175,36140,1
2025-08-01,Bergen Storsenter,60.3756,5.3488,50930,0
2025-08-01,Oslo City,59.9241,10.7713,90000,0
2025-08-01,Trondheim Torg,63.4412,10.4175,44610,0
2025-08-02,Bergen Storsenter,60.3756,5.3488,61890,0
2025-08-02,Oslo City,59.9241,10.7713,89670,0
2025-08-02,Trondheim Torg,63.4412,10.4175,51690,0
2025-08-03,Bergen Storsenter,60.3756,5.3488,20940,0
2025-08-03,Oslo City,59.9241,10.7713,34320,0
2025-08-03,Trondheim Torg,63.4412,10.4175,13520,0
2025-08-04,Bergen Storsenter,60.3756,5.3488,44290,0
2025-08-04,Oslo City,59.9241,10.7713,67850,0
2025-08-04,Trondheim Torg,63.4412,10.4175,26770,0
2025-08-05,Bergen Storsenter,60.3756,5.3488,38700,0
2025-08-05,Oslo City,59.9241,10.7713,59770,0
2025-08-05,Trondheim Torg,63.4412,10.4175,20310,0
2025-08-06,Bergen Storsenter,60.3756,5.3488,49120,0
2025-08-06,Oslo City,59.9241,10.7713,63450,0
2025-08-06,Trondheim Torg,63.4412,10.4175,30960,0
2025-08-07,Bergen Storsenter,60.3756,5.3488,60310,1
2025-08-07,Oslo City,59.9241,10.7713,84280,0
2025-08-07,Trondheim Torg,63.4412,10.4175,29110,0
2025-08-08,Bergen Storsenter,60.3756,5.3488,64140,0
2025-08-08,Oslo City,59.9241,10.7713,88890,0
2025-08-08,Trondheim Torg,63.4412,10.4175,40010,0
2025-08-09,Bergen Storsenter,60.3756,5.3488,79140,0
2025-08-09,Oslo City,59.9241,10.7713,125910,0
2025-08-09,Trondheim Torg,63.4412,10.4175,42220,0
2025-08-10,Bergen Storsenter,60.3756,5.3488,23840,0
2025-08-10,Oslo City,59.9241,10.7713,36890,0
2025-08-10,Trondheim Torg,63.4412,10.4175,14610,0
2025-08-11,Bergen Storsenter,60.3756,5.3488,38770,0
2025-08-11,Oslo City,59.9241,10.7713,68190,0
2025-08-11,Trondheim Torg,63.4412,10.4175,24260,0
2025-08-12,Bergen Storsenter,60.3756,5.3488,45200,0
2025-08-12,Oslo City,59.9241,10.7713,67570,0
2025-08-12,Trondheim Torg,63.4412,10.4175,23690,0
2025-08-13,Bergen Storsenter,60.3756,5.3488,46430,0
2025-08-13,Oslo City,59.9241,10.7713,74050,0
2025-08-13,Trondheim Torg,63.4412,10.4175,30710,0
2025-08-14,Bergen Storsenter,60.3756,5.3488,49280,0
2025-08-14,Oslo City,59.9241,10.7713,68300,0
2025-08-14,Trondheim Torg,63.4412,10.4175,31120,0
2025-08-15,Bergen Storsenter,60.3756,5.3488,58970,0
2025-08-15,Oslo City,59.9241,10.7713,135790,1
2025-08-15,Trondheim Torg,63.4412,10.4175,60860,1
2025-08-16,Bergen Storsenter,60.3756,5.3488,68650,0
2025-08-16,Oslo City,59.9241,10.7713,132750,0
2025-08-16,Trondheim Torg,63.4412,10.4175,54180,0
2025-08-17,Bergen Storsenter,60.3756,5.3488,26220,0
2025-08-17,Oslo City,59.9241,10.7713,37910,0
2025-08-17,Trondheim Torg,63.4412,10.4175,15330,0
2025-08-18,Bergen Storsenter,60.3756,5.3488,38230,0
2025-08-18,Oslo City,59.9241,10.7713,69390,0
2025-08-18,Trondheim Torg,63.4412,10.4175,34580,0
2025-08-19,Bergen Storsenter,60.3756,5.3488,48270,0
2025-08-19,Oslo City,59.9241,10.7713,83970,0
2025-08-19,Trondheim Torg,63.4412,10.4175,31960,0
2025-08-20,Bergen Storsenter,60.3756,5.3488,42110,0
2025-08-20,Oslo City,59.9241,10.7713,78150,0
2025-08-20,Trondheim Torg,63.4412,10.4175,29420,0
2025-08-21,Bergen Storsenter,60.3756,5.3488,55320,0
2025-08-21,Oslo City,59.9241,10.7713,99750,0
2025-08-21,Trondheim Torg,63.4412,10.4175,40810,0
2025-08-22,Bergen Storsenter,60.3756,5.3488,87040,1
2025-08-22,Oslo City,59.9241,10.7713,107670,0
2025-08-22,Trondheim Torg,63.4412,10.4175,45500,0
2025-08-23,Bergen Storsenter,60.3756,5.3488,82390,0
2025-08-23,Oslo City,59.9241,10.7713,153190,0
2025-08-23,Trondheim Torg,63.4412,10.4175,52910,0
2025-08-24,Bergen Storsenter,60.3756,5.3488,26070,0
2025-08-24,Oslo City,59.9241,10.7713,46780,0
2025-08-24,Trondheim Torg,63.4412,10.4175,15800,0
2025-08-25,Bergen Storsenter,60.3756,5.3488,49620,0
2025-08-25,Oslo City,59.9241,10.7713,72390,0
2025-08-25,Trondheim Torg,63.4412,10.4175,34560,0
2025-08-26,Bergen Storsenter,60.3756,5.3488,52910,0
2025-08-26,Oslo City,59.9241,10.7713,70440,0
2025-08-26,Trondheim Torg,63.4412,10.4175,33900,0
2025-08-27,Bergen Storsenter,60.3756,5.3488,41600,0
2025-08-27,Oslo City,59.9241,10.7713,86340,0
2025-08-27,Trondheim Torg,63.4412,10.4175,37840,0
2025-08-28,Bergen Storsenter,60.3756,5.3488,52150,0
2025-08-28,Oslo City,59.9241,10.7713,90480,0
2025-08-28,Trondheim Torg,63.4412,10.4175,38750,0
2025-08-29,Bergen Storsenter,60.3756,5.3488,68690,0
2025-08-29,Oslo City,59.9241,10.7713,147550,0
2025-08-29,Trondheim Torg,63.4412,10.4175,51810,0
2025-08-30,Bergen Storsenter,60.3756,5.3488,81670,0
2025-08-30,Oslo City,59.9241,10.7713,148670,1
2025-08-30,Trondheim Torg,63.4412,10.4175,70830,1
2025-08-31,Bergen Storsenter,60.3756,5.3488,25780,0
2025-08-31,Oslo City,59.9241,10.7713,40760,0
2025-08-31,Trondheim Torg,63.4412,10.4175,15270,0
2025-09-01,Bergen Storsenter,60.3756,5.3488,45880,0
2025-09-01,Oslo City,59.9241,10.7713,93320,0
2025-09-01,Trondheim Torg,63.4412,10.4175,27950,0
2025-09-02,Bergen Storsenter,60.3756,5.3488,46270,0
2025-09-02,Oslo City,59.9241,10.7713,87910,0
2025-09-02,Trondheim Torg,63.4412,10.4175,30230,0
2025-09-03,Bergen Storsenter,60.3756,5.3488,60520,0
2025-09-03,Oslo City,59.9241,10.7713,81300,0
2025-09-03,Trondheim Torg,63.4412,10.4175,34600,0
2025-09-04,Bergen Storsenter,60.3756,5.3488,68250,0
2025-09-04,Oslo City,59.9241,10.7713,79880,0
2025-09-04,Trondheim Torg,63.4412,10.4175,36040,0
2025-09-05,Bergen Storsenter,60.3756,5.3488,88010,0
2025-09-05,Oslo City,59.9241,10.7713,109170,0
2025-09-05,Trondheim Torg,63.4412,10.4175,53400,0
2025-09-06,Bergen Storsenter,60.3756,5.3488,90680,0
2025-09-06,Oslo City,59.9241,10.7713,115160,0
2025-09-06,Trondheim Torg,63.4412,10.4175,65290,0
2025-09-07,Bergen Storsenter,60.3756,5.3488,25320,0
2025-09-07,Oslo City,59.9241,10.7713,39240,0
2025-09-07,Trondheim Torg,63.4412,10.4175,20100,0
2025-09-08,Bergen Storsenter,60.3756,5.3488,58530,0
2025-09-08,Oslo City,59.9241,10.7713,67350,0
2025-09-08,Trondheim Torg,63.4412,10.4175,32870,0
2025-09-09,Bergen Storsenter,60.3756,5.3488,54050,0
2025-09-09,Oslo City,59.9241,10.7713,89760,0
2025-09-09,Trondheim Torg,63.4412,10.4175,31540,0
2025-09-10,Bergen Storsenter,60.3756,5.3488,55840,0
2025-09-10,Oslo City,59.9241,10.7713,72690,0
2025-09-10,Trondheim Torg,63.4412,10.4175,34850,0
2025-09-11,Bergen Storsenter,60.3756,5.3488,69110,0
2025-09-11,Oslo City,59.9241,10.7713,86780,0
2025-09-11,Trondheim Torg,63.4412,10.4175,34190,0
2025-09-12,Bergen Storsenter,60.3756,5.3488,77450,0
2025-09-12,Oslo City,59.9241,10.7713,131810,0
2025-09-12,Trondheim Torg,63.4412,10.4175,55850,0
2025-09-13,Bergen Storsenter,60.3756,5.3488,81770,0
2025-09-13,Oslo City,59.9241,10.7713,144190,0
2025-09-13,Trondheim Torg,63.4412,10.4175,42420,0
2025-09-14,Bergen Storsenter,60.3756,5.3488,37480,1
2025-09-14,Oslo City,59.9241,10.7713,49730,0
2025-09-14,Trondheim Torg,63.4412,10.4175,15710,0
2025-09-15,Bergen Storsenter,60.3756,5.3488,48000,0
2025-09-15,Oslo City,59.9241,10.7713,96410,0
2025-09-15,Trondheim Torg,63.4412,10.4175,28570,0
2025-09-16,Bergen Storsenter,60.3756,5.3488,53180,0
2025-09-16,Oslo City,59.9241,10.7713,99180,0
2025-09-16,Trondheim Torg,63.4412,10.4175,24600,0
2025-09-17,Bergen Storsenter,60.3756,5.3488,50910,0
2025-09-17,Oslo City,59.9241,10.7713,117030,0
2025-09-17,Trondheim Torg,63.4412,10.4175,22630,0
2025-09-18,Bergen Storsenter,60.3756,5.3488,59350,0
2025-09-18,Oslo City,59.9241,10.7713,103170,0
2025-09-18,Trondheim Torg,63.4412,10.4175,24700,0
2025-09-19,Bergen Storsenter,60.3756,5.3488,92100,0
2025-09-19,Oslo City,59.9241,10.7713,134020,0
2025-09-19,Trondheim Torg,63.4412,10.4175,34460,0
2025-09-20,Bergen Storsenter,60.3756,5.3488,98190,0
2025-09-20,Oslo City,59.9241,10.7713,174900,0
2025-09-20,Trondheim Torg,63.4412,10.4175,50300,0
2025-09-21,Bergen Storsenter,60.3756,5.3488,28070,0
2025-09-21,Oslo City,59.9241,10.7713,56970,0
2025-09-21,Trondheim Torg,63.4412,10.4175,17770,0
2025-09-22,Bergen Storsenter,60.3756,5.3488,58210,0
2025-09-22,Oslo City,59.9241,10.7713,103850,1
2025-09-22,Trondheim Torg,63.4412,10.4175,27520,1
2025-09-23,Bergen Storsenter,60.3756,5.3488,55610,0
2025-09-23,Oslo City,59.9241,10.7713,100960,0
2025-09-23,Trondheim Torg,63.4412,10.4175,30350,0
2025-09-24,Bergen Storsenter,60.3756,5.3488,57620,0
2025-09-24,Oslo City,59.9241,10.7713,107650,0
2025-09-24,Trondheim Torg,63.4412,10.4175,33930,0
2025-09-25,Bergen Storsenter,60.3756,5.3488,62120,0
2025-09-25,Oslo City,59.9241,10.7713,122100,0
2025-09-25,Trondheim Torg,63.4412,10.4175,36210,0
2025-09-26,Bergen Storsenter,60.3756,5.3488,105850,0
2025-09-26,Oslo City,59.9241,10.7713,156790,0
2025-09-26,Trondheim Torg,63.4412,10.4175,53270,0
2025-09-27,Bergen Storsenter,60.3756,5.3488,88890,0
2025-09-27,Oslo City,59.9241,10.7713,168320,0
2025-09-27,Trondheim Torg,63.4412,10.4175,51840,0
2025-09-28,Bergen Storsenter,60.3756,5.3488,30340,0
2025-09-28,Oslo City,59.9241,10.7713,53720,0
2025-09-28,Trondheim Torg,63.4412,10.4175,21380,0
2025-09-29,Bergen Storsenter,60.3756,5.3488,66900,1
2025-09-29,Oslo City,59.9241,10.7713,104720,0
2025-09-29,Trondheim Torg,63.4412,10.4175,36060,0
2025-09-30,Bergen Storsenter,60.3756,5.3488,68600,0
2025-09-30,Oslo City,59.9241,10.7713,110190,0
2025-09-30,Trondheim Torg,63.4412,10.4175,36890,0
2025-10-01,Bergen Storsenter,60.3756,5.3488,61770,0
2025-10-01,Oslo City,59.9241,10.7713,123060,0
2025-10-01,Trondheim Torg,63.4412,10.4175,31370,0
2025-10-02,Bergen Storsenter,60.3756,5.3488,77710,0
2025-10-02,Oslo City,59.9241,10.7713,91390,0
2025-10-02,Trondheim Torg,63.4412,10.4175,36210,0
2025-10-03,Bergen Storsenter,60.3756,5.3488,96980,0
2025-10-03,Oslo City,59.9241,10.7713,115310,0
2025-10-03,Trondheim Torg,63.4412,10.4175,48290,0
2025-10-04,Bergen Storsenter,60.3756,5.3488,107430,0
2025-10-04,Oslo City,59.9241,10.7713,145020,0
2025-10-04,Trondheim Torg,63.4412,10.4175,54430,0
2025-10-05,Bergen Storsenter,60.3756,5.3488,28090,0
2025-10-05,Oslo City,59.9241,10.7713,50630,0
2025-10-05,Trondheim Torg,63.4412,10.4175,22210,0
2025-10-06,Bergen Storsenter,60.3756,5.3488,57160,0
2025-10-06,Oslo City,59.9241,10.7713,81330,0
2025-10-06,Trondheim Torg,63.4412,10.4175,38140,0
2025-10-07,Bergen Storsenter,60.3756,5.3488,51380,0
2025-10-07,Oslo City,59.9241,10.7713,102710,1
2025-10-07,Trondheim Torg,63.4412,10.4175,53620,1
2025-10-08,Bergen Storsenter,60.3756,5.3488,63100,0
2025-10-08,Oslo City,59.9241,10.7713,91330,0
2025-10-08,Trondheim Torg,63.4412,10.4175,43810,0
2025-10-09,Bergen Storsenter,60.3756,5.3488,81530,0
2025-10-09,Oslo City,59.9241,10.7713,87790,0
2025-10-09,Trondheim Torg,63.4412,10.4175,45220,0
2025-10-10,Bergen Storsenter,60.3756,5.3488,94000,0
2025-10-10,Oslo City,59.9241,10.7713,131930,0
2025-10-10,Trondheim Torg,63.4412,10.4175,53940,0
2025-10-11,Bergen Storsenter,60.3756,5.3488,94350,0
2025-10-11,Oslo City,59.9241,10.7713,123980,0
2025-10-11,Trondheim Torg,63.4412,10.4175,59970,0
2025-10-12,Bergen Storsenter,60.3756,5.3488,30730,0
2025-10-12,Oslo City,59.9241,10.7713,44770,0
2025-10-12,Trondheim Torg,63.4412,10.4175,18040,0
2025-10-13,Bergen Storsenter,60.3756,5.3488,61710,0
2025-10-13,Oslo City,59.9241,10.7713,86540,0
2025-10-13,Trondheim Torg,63.4412,10.4175,37940,0
2025-10-14,Bergen Storsenter,60.3756,5.3488,67910,1
2025-10-14,Oslo City,59.9241,10.7713,98170,0
2025-10-14,Trondheim Torg,63.4412,10.4175,40010,0
2025-10-15,Bergen Storsenter,60.3756,5.3488,58740,0
2025-10-15,Oslo City,59.9241,10.7713,88510,0
2025-10-15,Trondheim Torg,63.4412,10.4175,41610,0
2025-10-16,Bergen Storsenter,60.3756,5.3488,60760,0
2025-10-16,Oslo City,59.9241,10.7713,96440,0
2025-10-16,Trondheim Torg,63.4412,10.4175,51110,0
2025-10-17,Bergen Storsenter,60.3756,5.3488,85800,0
2025-10-17,Oslo City,59.9241,10.7713,128180,0
2025-10-17,Trondheim Torg,63.4412,10.4175,47140,0
2025-10-18,Bergen Storsenter,60.3756,5.3488,93730,0
2025-10-18,Oslo City,59.9241,10.7713,131000,0
2025-10-18,Trondheim Torg,63.4412,10.4175,66380,0
2025-10-19,Bergen Storsenter,60.3756,5.3488,29150,0
2025-10-19,Oslo City,59.9241,10.7713,47120,0
2025-10-19,Trondheim Torg,63.4412,10.4175,21210,0
2025-10-20,Bergen Storsenter,60.3756,5.3488,61560,0
2025-10-20,Oslo City,59.9241,10.7713,98210,0
2025-10-20,Trondheim Torg,63.4412,10.4175,35570,0
2025-10-21,Bergen Storsenter,60.3756,5.3488,54490,0
2025-10-21,Oslo City,59.9241,10.7713,113880,0
2025-10-21,Trondheim Torg,63.4412,10.4175,32480,0
2025-10-22,Bergen Storsenter,60.3756,5.3488,57190,0
2025-10-22,Oslo City,59.9241,10.7713,111970,1
2025-10-22,Trondheim Torg,63.4412,10.4175,49450,1
2025-10-23,Bergen Storsenter,60.3756,5.3488,70460,0
2025-10-23,Oslo City,59.9241,10.7713,98090,0
2025-10-23,Trondheim Torg,63.4412,10.4175,45040,0
2025-10-24,Bergen Storsenter,60.3756,5.3488,84670,0
2025-10-24,Oslo City,59.9241,10.7713,140490,0
2025-10-24,Trondheim Torg,63.4412,10.4175,42600,0
2025-10-25,Bergen Storsenter,60.3756,5.3488,97520,0
2025-10-25,Oslo City,59.9241,10.7713,178020,0
2025-10-25,Trondheim Torg,63.4412,10.4175,44290,0
2025-10-26,Bergen Storsenter,60.3756,5.3488,28660,0
2025-10-26,Oslo City,59.9241,10.7713,46850,0
2025-10-26,Trondheim Torg,63.4412,10.4175,20000,0
2025-10-27,Bergen Storsenter,60.3756,5.3488,58860,0
2025-10-27,Oslo City,59.9241,10.7713,78310,0
2025-10-27,Trondheim Torg,63.4412,10.4175,29970,0
2025-10-28,Bergen Storsenter,60.3756,5.3488,51050,0
2025-10-28,Oslo City,59.9241,10.7713,89520,0
2025-10-28,Trondheim Torg,63.4412,10.4175,39770,0
2025-10-29,Bergen Storsenter,60.3756,5.3488,66400,0
2025-10-29,Oslo City,59.9241,10.7713,110130,0
2025-10-29,Trondheim Torg,63.4412,10.4175,38880,0
2025-10-30,Bergen Storsenter,60.3756,5.3488,64990,0
2025-10-30,Oslo City,59.9241,10.7713,95390,0
2025-10-30,Trondheim Torg,63.4412,10.4175,47400,0
2025-10-31,Bergen Storsenter,60.3756,5.3488,93350,0
2025-10-31,Oslo City,59.9241,10.7713,145110,0
2025-10-31,Trondheim Torg,63.4412,10.4175,64570,0
2025-11-01,Bergen Storsenter,60.3756,5.3488,92260,0
2025-11-01,Oslo City,59.9241,10.7713,170180,0
2025-11-01,Trondheim Torg,63.4412,10.4175,55260,0
2025-11-02,Bergen Storsenter,60.3756,5.3488,28230,0
2025-11-02,Oslo City,59.9241,10.7713,49030,0
2025-11-02,Trondheim Torg,63.4412,10.4175,22080,0
2025-11-03,Bergen Storsenter,60.3756,5.3488,56600,0
2025-11-03,Oslo City,59.9241,10.7713,92140,0
2025-11-03,Trondheim Torg,63.4412,10.4175,33430,0
2025-11-04,Bergen Storsenter,60.3756,5.3488,65800,0
2025-11-04,Oslo City,59.9241,10.7713,76590,0
2025-11-04,Trondheim Torg,63.4412,10.4175,38090,0
2025-11-05,Bergen Storsenter,60.3756,5.3488,55950,0
2025-11-05,Oslo City,59.9241,10.7713,95870,0
2025-11-05,Trondheim Torg,63.4412,10.4175,42370,0
2025-11-06,Bergen Storsenter,60.3756,5.3488,88780,1
2025-11-06,Oslo City,59.9241,10.7713,80810,0
2025-11-06,Trondheim Torg,63.4412,10.4175,47500,0
2025-11-07,Bergen Storsenter,60.3756,5.3488,95010,0
2025-11-07,Oslo City,59.9241,10.7713,130490,0
2025-11-07,Trondheim Torg,63.4412,10.4175,64330,0
2025-11-08,Bergen Storsenter,60.3756,5.3488,90430,0
2025-11-08,Oslo City,59.9241,10.7713,152800,0
2025-11-08,Trondheim Torg,63.4412,10.4175,63850,0
2025-11-09,Bergen Storsenter,60.3756,5.3488,24730,0
2025-11-09,Oslo City,59.9241,10.7713,44280,0
2025-11-09,Trondheim Torg,63.4412,10.4175,18620,0
2025-11-10,Bergen Storsenter,60.3756,5.3488,55930,0
2025-11-10,Oslo City,59.9241,10.7713,73980,0
2025-11-10,Trondheim Torg,63.4412,10.4175,33600,0
2025-11-11,Bergen Storsenter,60.3756,5.3488,64130,0
2025-11-11,Oslo City,59.9241,10.7713,92810,0
2025-11-11,Trondheim Torg,63.4412,10.4175,35560,0
2025-11-12,Bergen Storsenter,60.3756,5.3488,63300,0
2025-11-12,Oslo City,59.9241,10.7713,87540,0
2025-11-12,Trondheim Torg,63.4412,10.4175,35110,0
2025-11-13,Bergen Storsenter,60.3756,5.3488,67030,0
2025-11-13,Oslo City,59.9241,10.7713,116950,0
2025-11-13,Trondheim Torg,63.4412,10.4175,46150,0
2025-11-14,Bergen Storsenter,60.3756,5.3488,90170,0
2025-11-14,Oslo City,59.9241,10.7713,167350,1
2025-11-14,Trondheim Torg,63.4412,10.4175,57430,1
2025-11-15,Bergen Storsenter,60.3756,5.3488,95950,0
2025-11-15,Oslo City,59.9241,10.7713,161490,0
2025-11-15,Trondheim Torg,63.4412,10.4175,59270,0
2025-11-16,Bergen Storsenter,60.3756,5.3488,30580,0
2025-11-16,Oslo City,59.9241,10.7713,49160,0
2025-11-16,Trondheim Torg,63.4412,10.4175,19350,0
2025-11-17,Bergen Storsenter,60.3756,5.3488,63140,0
2025-11-17,Oslo City,59.9241,10.7713,83660,0
2025-11-17,Trondheim Torg,63.4412,10.4175,38000,0
2025-11-18,Bergen Storsenter,60.3756,5.3488,63300,0
2025-11-18,Oslo City,59.9241,10.7713,89870,0
2025-11-18,Trondheim Torg,63.4412,10.4175,41120,0
2025-11-19,Bergen Storsenter,60.3756,5.3488,64570,0
2025-11-19,Oslo City,59.9241,10.7713,114860,0
2025-11-19,Trondheim Torg,63.4412,10.4175,52520,0
2025-11-20,Bergen Storsenter,60.3756,5.3488,60210,0
2025-11-20,Oslo City,59.9241,10.7713,110480,0
2025-11-20,Trondheim Torg,63.4412,10.4175,47220,0
2025-11-21,Bergen Storsenter,60.3756,5.3488,101710,1
2025-11-21,Oslo City,59.9241,10.7713,181030,1
2025-11-21,Trondheim Torg,63.4412,10.4175,82990,1
2025-11-22,Bergen Storsenter,60.3756,5.3488,123950,1
2025-11-22,Oslo City,59.9241,10.7713,189500,1
2025-11-22,Trondheim Torg,63.4412,10.4175,86230,1
2025-11-23,Bergen Storsenter,60.3756,5.3488,32830,1
2025-11-23,Oslo City,59.9241,10.7713,53750,1
2025-11-23,Trondheim Torg,63.4412,10.4175,23410,1
2025-11-24,Bergen Storsenter,60.3756,5.3488,70510,1
2025-11-24,Oslo City,59.9241,10.7713,102510,1
2025-11-24,Trondheim Torg,63.4412,10.4175,45570,1
2025-11-25,Bergen Storsenter,60.3756,5.3488,65590,1
2025-11-25,Oslo City,59.9241,10.7713,117110,1
2025-11-25,Trondheim Torg,63.4412,10.4175,59370,1
2025-11-26,Bergen Storsenter,60.3756,5.3488,58260,1
2025-11-26,Oslo City,59.9241,10.7713,122150,1
2025-11-26,Trondheim Torg,63.4412,10.4175,50500,1
2025-11-27,Bergen Storsenter,60.3756,5.3488,83750,1
2025-11-27,Oslo City,59.9241,10.7713,148820,1
2025-11-27,Trondheim Torg,63.4412,10.4175,53100,1
2025-11-28,Bergen Storsenter,60.3756,5.3488,100980,1
2025-11-28,Oslo City,59.9241,10.7713,197820,1
2025-11-28,Trondheim Torg,63.4412,10.4175,73490,1
2025-11-29,Bergen Storsenter,60.3756,5.3488,79550,0
2025-11-29,Oslo City,59.9241,10.7713,220290,1
2025-11-29,Trondheim Torg,63.4412,10.4175,74490,1
2025-11-30,Bergen Storsenter,60.3756,5.3488,33800,0
2025-11-30,Oslo City,59.9241,10.7713,67820,0
2025-11-30,Trondheim Torg,63.4412,10.4175,21410,0
2025-12-01,Bergen Storsenter,60.3756,5.3488,52490,0
2025-12-01,Oslo City,59.9241,10.7713,140160,0
2025-12-01,Trondheim Torg,63.4412,10.4175,42750,0
2025-12-02,Bergen Storsenter,60.3756,5.3488,64850,0
2025-12-02,Oslo City,59.9241,10.7713,149940,0
2025-12-02,Trondheim Torg,63.4412,10.4175,44700,0
2025-12-03,Bergen Storsenter,60.3756,5.3488,59780,0
2025-12-03,Oslo City,59.9241,10.7713,107510,0
2025-12-03,Trondheim Torg,63.4412,10.4175,40170,0
2025-12-04,Bergen Storsenter,60.3756,5.3488,68920,0
2025-12-04,Oslo City,59.9241,10.7713,124170,0
2025-12-04,Trondheim Torg,63.4412,10.4175,41720,0
2025-12-05,Bergen Storsenter,60.3756,5.3488,91670,0
2025-12-05,Oslo City,59.9241,10.7713,168230,0
2025-12-05,Trondheim Torg,63.4412,10.4175,60040,0
2025-12-06,Bergen Storsenter,60.3756,5.3488,161200,1
2025-12-06,Oslo City,59.9241,10.7713,244500,0
2025-12-06,Trondheim Torg,63.4412,10.4175,75910,0
2025-12-07,Bergen Storsenter,60.3756,5.3488,36970,0
2025-12-07,Oslo City,59.9241,10.7713,65590,0
2025-12-07,Trondheim Torg,63.4412,10.4175,23790,0
2025-12-08,Bergen Storsenter,60.3756,5.3488,86790,0
2025-12-08,Oslo City,59.9241,10.7713,123930,0
2025-12-08,Trondheim Torg,63.4412,10.4175,57210,0
2025-12-09,Bergen Storsenter,60.3756,5.3488,88600,0
2025-12-09,Oslo City,59.9241,10.7713,116040,0
2025-12-09,Trondheim Torg,63.4412,10.4175,52770,0
2025-12-10,Bergen Storsenter,60.3756,5.3488,80620,0
2025-12-10,Oslo City,59.9241,10.7713,117320,0
2025-12-10,Trondheim Torg,63.4412,10.4175,49380,0
2025-12-11,Bergen Storsenter,60.3756,5.3488,84000,0
2025-12-11,Oslo City,59.9241,10.7713,110350,0
2025-12-11,Trondheim Torg,63.4412,10.4175,54650,0
2025-12-12,Bergen Storsenter,60.3756,5.3488,101040,0
2025-12-12,Oslo City,59.9241,10.7713,157360,0
2025-12-12,Trondheim Torg,63.4412,10.4175,74000,0
2025-12-13,Bergen Storsenter,60.3756,5.3488,121440,0
2025-12-13,Oslo City,59.9241,10.7713,207850,0
2025-12-13,Trondheim Torg,63.4412,10.4175,64550,0
2025-12-14,Bergen Storsenter,60.3756,5.3488,40980,0
2025-12-14,Oslo City,59.9241,10.7713,84380,1
2025-12-14,Trondheim Torg,63.4412,10.4175,24490,1
2025-12-15,Bergen Storsenter,60.3756,5.3488,74100,0
2025-12-15,Oslo City,59.9241,10.7713,102880,0
2025-12-15,Trondheim Torg,63.4412,10.4175,48050,0
2025-12-16,Bergen Storsenter,60.3756,5.3488,78520,0
2025-12-16,Oslo City,59.9241,10.7713,114930,0
2025-12-16,Trondheim Torg,63.4412,10.4175,38120,0
2025-12-17,Bergen Storsenter,60.3756,5.3488,77350,0
2025-12-17,Oslo City,59.9241,10.7713,114970,0
2025-12-17,Trondheim Torg,63.4412,10.4175,43390,0
2025-12-18,Bergen Storsenter,60.3756,5.3488,87620,0
2025-12-18,Oslo City,59.9241,10.7713,148600,0
2025-12-18,Trondheim Torg,63.4412,10.4175,47030,0
2025-12-19,Bergen Storsenter,60.3756,5.3488,111030,0
2025-12-19,Oslo City,59.9241,10.7713,247830,0
2025-12-19,Trondheim Torg,63.4412,10.4175,69940,0
2025-12-20,Bergen Storsenter,60.3756,5.3488,146880,0
2025-12-20,Oslo City,59.9241,10.7713,239100,0
2025-12-20,Trondheim Torg,63.4412,10.4175,73990,0
2025-12-21,Bergen Storsenter,60.3756,5.3488,41570,0
2025-12-21,Oslo City,59.9241,10.7713,82980,0
2025-12-21,Trondheim Torg,63.4412,10.4175,25560,0
2025-12-22,Bergen Storsenter,60.3756,5.3488,79880,0
2025-12-22,Oslo City,59.9241,10.7713,135350,0
2025-12-22,Trondheim Torg,63.4412,10.4175,46090,0
2025-12-23,Bergen Storsenter,60.3756,5.3488,75610,0
2025-12-23,Oslo City,59.9241,10.7713,130930,0
2025-12-23,Trondheim Torg,63.4412,10.4175,66850,0
2025-12-24,Bergen Storsenter,60.3756,5.3488,62220,0
2025-12-24,Oslo City,59.9241,10.7713,108550,0
2025-12-24,Trondheim Torg,63.4412,10.4175,37260,0
2025-12-25,Bergen Storsenter,60.3756,5.3488,0,0
2025-12-25,Oslo City,59.9241,10.7713,0,0
2025-12-25,Trondheim Torg,63.4412,10.4175,0,0
2025-12-26,Bergen Storsenter,60.3756,5.3488,0,0
2025-12-26,Oslo City,59.9241,10.7713,0,0
2025-12-26,Trondheim Torg,63.4412,10.4175,0,0
2025-12-27,Bergen Storsenter,60.3756,5.3488,117620,0
2025-12-27,Oslo City,59.9241,10.7713,179290,0
2025-12-27,Trondheim Torg,63.4412,10.4175,59660,0
2025-12-28,Bergen Storsenter,60.3756,5.3488,32460,0
2025-12-28,Oslo City,59.9241,10.7713,52690,0
2025-12-28,Trondheim Torg,63.4412,10.4175,21340,0
2025-12-29,Bergen Storsenter,60.3756,5.3488,67650,1
2025-12-29,Oslo City,59.9241,10.7713,74220,0
2025-12-29,Trondheim Torg,63.4412,10.4175,37620,0
2025-12-30,Bergen Storsenter,60.3756,5.3488,55750,0
2025-12-30,Oslo City,59.9241,10.7713,78120,0
2025-12-30,Trondheim Torg,63.4412,10.4175,35620,0
2025-12-31,Bergen Storsenter,60.3756,5.3488,55440,0
2025-12-31,Oslo City,59.9241,10.7713,77710,0
2025-12-31,Trondheim Torg,63.4412,10.4175,38230,0
2026-01-01,Bergen Storsenter,60.3756,5.3488,0,0
2026-01-01,Oslo City,59.9241,10.7713,0,0
2026-01-01,Trondheim Torg,63.4412,10.4175,0,0
2026-01-02,Bergen Storsenter,60.3756,5.3488,87450,0
2026-01-02,Oslo City,59.9241,10.7713,148250,0
2026-01-02,Trondheim Torg,63.4412,10.4175,67360,0
2026-01-03,Bergen Storsenter,60.3756,5.3488,125580,1
2026-01-03,Oslo City,59.9241,10.7713,172960,1
2026-01-03,Trondheim Torg,63.4412,10.4175,89940,1
2026-01-04,Bergen Storsenter,60.3756,5.3488,41380,1
2026-01-04,Oslo City,59.9241,10.7713,48140,1
2026-01-04,Trondheim Torg,63.4412,10.4175,23970,1
2026-01-05,Bergen Storsenter,60.3756,5.3488,63290,1
2026-01-05,Oslo City,59.9241,10.7713,119610,1
2026-01-05,Trondheim Torg,63.4412,10.4175,46740,1
2026-01-06,Bergen Storsenter,60.3756,5.3488,71320,1
2026-01-06,Oslo City,59.9241,10.7713,130940,1
2026-01-06,Trondheim Torg,63.4412,10.4175,55400,1
2026-01-07,Bergen Storsenter,60.3756,5.3488,73870,1
2026-01-07,Oslo City,59.9241,10.7713,144470,1
2026-01-07,Trondheim Torg,63.4412,10.4175,56720,1
2026-01-08,Bergen Storsenter,60.3756,5.3488,77200,1
2026-01-08,Oslo City,59.9241,10.7713,130370,1
2026-01-08,Trondheim Torg,63.4412,10.4175,44140,1
2026-01-09,Bergen Storsenter,60.3756,5.3488,124160,1
2026-01-09,Oslo City,59.9241,10.7713,185320,1
2026-01-09,Trondheim Torg,63.4412,10.4175,68230,1
2026-01-10,Bergen Storsenter,60.3756,5.3488,106680,1
2026-01-10,Oslo City,59.9241,10.7713,168330,1
2026-01-10,Trondheim Torg,63.4412,10.4175,85770,1
2026-01-11,Bergen Storsenter,60.3756,5.3488,36900,1
2026-01-11,Oslo City,59.9241,10.7713,63620,1
2026-01-11,Trondheim Torg,63.4412,10.4175,24560,1
2026-01-12,Bergen Storsenter,60.3756,5.3488,63600,1
2026-01-12,Oslo City,59.9241,10.7713,119250,1
2026-01-12,Trondheim Torg,63.4412,10.4175,46380,1
2026-01-13,Bergen Storsenter,60.3756,5.3488,77800,1
2026-01-13,Oslo City,59.9241,10.7713,128600,1
2026-01-13,Trondheim Torg,63.4412,10.4175,41100,1
2026-01-14,Bergen Storsenter,60.3756,5.3488,66030,1
2026-01-14,Oslo City,59.9241,10.7713,146130,1
2026-01-14,Trondheim Torg,63.4412,10.4175,51100,1
2026-01-15,Bergen Storsenter,60.3756,5.3488,74830,1
2026-01-15,Oslo City,59.9241,10.7713,175400,1
2026-01-15,Trondheim Torg,63.4412,10.4175,45960,1
2026-01-16,Bergen Storsenter,60.3756,5.3488,122650,1
2026-01-16,Oslo City,59.9241,10.7713,209660,1
2026-01-16,Trondheim Torg,63.4412,10.4175,75660,1
2026-01-17,Bergen Storsenter,60.3756,5.3488,127990,1
2026-01-17,Oslo City,59.9241,10.7713,200910,1
2026-01-17,Trondheim Torg,63.4412,10.4175,67280,1
2026-01-18,Bergen Storsenter,60.3756,5.3488,34660,1
2026-01-18,Oslo City,59.9241,10.7713,52590,1
2026-01-18,Trondheim Torg,63.4412,10.4175,24290,1
2026-01-19,Bergen Storsenter,60.3756,5.3488,67560,1
2026-01-19,Oslo City,59.9241,10.7713,96190,1
2026-01-19,Trondheim Torg,63.4412,10.4175,48800,1
2026-01-20,Bergen Storsenter,60.3756,5.3488,73830,1
2026-01-20,Oslo City,59.9241,10.7713,99410,1
2026-01-20,Trondheim Torg,63.4412,10.4175,48270,1
2026-01-21,Bergen Storsenter,60.3756,5.3488,74150,1
2026-01-21,Oslo City,59.9241,10.7713,91560,1
2026-01-21,Trondheim Torg,63.4412,10.4175,45520,1
2026-01-22,Bergen Storsenter,60.3756,5.3488,89710,1
2026-01-22,Oslo City,59.9241,10.7713,129110,1
2026-01-22,Trondheim Torg,63.4412,10.4175,44930,1
2026-01-23,Bergen Storsenter,60.3756,5.3488,114530,1
2026-01-23,Oslo City,59.9241,10.7713,160290,1
2026-01-23,Trondheim Torg,63.4412,10.4175,55900,1
2026-01-24,Bergen Storsenter,60.3756,5.3488,113460,1
2026-01-24,Oslo City,59.9241,10.7713,196960,1
2026-01-24,Trondheim Torg,63.4412,10.4175,67900,1
2026-01-25,Bergen Storsenter,60.3756,5.3488,31790,1
2026-01-25,Oslo City,59.9241,10.7713,62070,1
2026-01-25,Trondheim Torg,63.4412,10.4175,25380,1
2026-01-26,Bergen Storsenter,60.3756,5.3488,67220,1
2026-01-26,Oslo City,59.9241,10.7713,106950,1
2026-01-26,Trondheim Torg,63.4412,10.4175,37180,1
2026-01-27,Bergen Storsenter,60.3756,5.3488,79930,1
2026-01-27,Oslo City,59.9241,10.7713,118180,1
2026-01-27,Trondheim Torg,63.4412,10.4175,44240,1
2026-01-28,Bergen Storsenter,60.3756,5.3488,67520,0
2026-01-28,Oslo City,59.9241,10.7713,83780,0
2026-01-28,Trondheim Torg,63.4412,10.4175,41320,0
2026-01-29,Bergen Storsenter,60.3756,5.3488,64420,0
2026-01-29,Oslo City,59.9241,10.7713,87760,0
2026-01-29,Trondheim Torg,63.4412,10.4175,41460,0
2026-01-30,Bergen Storsenter,60.3756,5.3488,85960,0
2026-01-30,Oslo City,59.9241,10.7713,190290,1
2026-01-30,Trondheim Torg,63.4412,10.4175,64010,1
2026-01-31,Bergen Storsenter,60.3756,5.3488,94800,0
2026-01-31,Oslo City,59.9241,10.7713,168680,0
2026-01-31,Trondheim Torg,63.4412,10.4175,63240,0
2026-02-01,Bergen Storsenter,60.3756,5.3488,29140,0
2026-02-01,Oslo City,59.9241,10.7713,41980,0
2026-02-01,Trondheim Torg,63.4412,10.4175,18500,0
2026-02-02,Bergen Storsenter,60.3756,5.3488,54070,0
2026-02-02,Oslo City,59.9241,10.7713,88680,0
2026-02-02,Trondheim Torg,63.4412,10.4175,35910,0
2026-02-03,Bergen Storsenter,60.3756,5.3488,50920,0
2026-02-03,Oslo City,59.9241,10.7713,79550,0
2026-02-03,Trondheim Torg,63.4412,10.4175,46260,0
2026-02-04,Bergen Storsenter,60.3756,5.3488,64270,0
2026-02-04,Oslo City,59.9241,10.7713,86900,0
2026-02-04,Trondheim Torg,63.4412,10.4175,43280,0
2026-02-05,Bergen Storsenter,60.3756,5.3488,53010,0
2026-02-05,Oslo City,59.9241,10.7713,91530,0
2026-02-05,Trondheim Torg,63.4412,10.4175,37280,0
2026-02-06,Bergen Storsenter,60.3756,5.3488,76800,0
2026-02-06,Oslo City,59.9241,10.7713,126030,0
2026-02-06,Trondheim Torg,63.4412,10.4175,51930,0
2026-02-07,Bergen Storsenter,60.3756,5.3488,88320,0
2026-02-07,Oslo City,59.9241,10.7713,143820,0
2026-02-07,Trondheim Torg,63.4412,10.4175,63130,0
2026-02-08,Bergen Storsenter,60.3756,5.3488,28960,0
2026-02-08,Oslo City,59.9241,10.7713,52870,0
2026-02-08,Trondheim Torg,63.4412,10.4175,15050,0
2026-02-09,Bergen Storsenter,60.3756,5.3488,57980,0
2026-02-09,Oslo City,59.9241,10.7713,93970,0
2026-02-09,Trondheim Torg,63.4412,10.4175,26520,0
2026-02-10,Bergen Storsenter,60.3756,5.3488,52790,0
2026-02-10,Oslo City,59.9241,10.7713,84630,0
2026-02-10,Trondheim Torg,63.4412,10.4175,33200,0
2026-02-11,Bergen Storsenter,60.3756,5.3488,53080,0
2026-02-11,Oslo City,59.9241,10.7713,63130,0
2026-02-11,Trondheim Torg,63.4412,10.4175,34950,0
2026-02-12,Bergen Storsenter,60.3756,5.3488,62860,0
2026-02-12,Oslo City,59.9241,10.7713,87800,0
2026-02-12,Trondheim Torg,63.4412,10.4175,39190,0
2026-02-13,Bergen Storsenter,60.3756,5.3488,70750,0
2026-02-13,Oslo City,59.9241,10.7713,113980,0
2026-02-13,Trondheim Torg,63.4412,10.4175,60050,0
2026-02-14,Bergen Storsenter,60.3756,5.3488,117240,1
2026-02-14,Oslo City,59.9241,10.7713,159580,0
2026-02-14,Trondheim Torg,63.4412,10.4175,66230,0
2026-02-15,Bergen Storsenter,60.3756,5.3488,25730,0
2026-02-15,Oslo City,59.9241,10.7713,39790,0
2026-02-15,Trondheim Torg,63.4412,10.4175,20890,0
2026-02-16,Bergen Storsenter,60.3756,5.3488,52470,0
2026-02-16,Oslo City,59.9241,10.7713,78570,0
2026-02-16,Trondheim Torg,63.4412,10.4175,36330,0
2026-02-17,Bergen Storsenter,60.3756,5.3488,48260,0
2026-02-17,Oslo City,59.9241,10.7713,97520,0
2026-02-17,Trondheim Torg,63.4412,10.4175,32610,0
2026-02-18,Bergen Storsenter,60.3756,5.3488,57630,0
2026-02-18,Oslo City,59.9241,10.7713,97580,0
2026-02-18,Trondheim Torg,63.4412,10.4175,36440,0
2026-02-19,Bergen Storsenter,60.3756,5.3488,69140,0
2026-02-19,Oslo City,59.9241,10.7713,126730,0
2026-02-19,Trondheim Torg,63.4412,10.4175,43740,0
2026-02-20,Bergen Storsenter,60.3756,5.3488,77680,0
2026-02-20,Oslo City,59.9241,10.7713,139770,0
2026-02-20,Trondheim Torg,63.4412,10.4175,46900,0
2026-02-21,Bergen Storsenter,60.3756,5.3488,82770,0
2026-02-21,Oslo City,59.9241,10.7713,138350,0
2026-02-21,Trondheim Torg,63.4412,10.4175,56060,0
2026-02-22,Bergen Storsenter,60.3756,5.3488,24740,0
2026-02-22,Oslo City,59.9241,10.7713,41280,1
2026-02-22,Trondheim Torg,63.4412,10.4175,21500,1
2026-02-23,Bergen Storsenter,60.3756,5.3488,52870,0
2026-02-23,Oslo City,59.9241,10.7713,64760,0
2026-02-23,Trondheim Torg,63.4412,10.4175,34370,0
2026-02-24,Bergen Storsenter,60.3756,5.3488,50240,0
2026-02-24,Oslo City,59.9241,10.7713,72930,0
2026-02-24,Trondheim Torg,63.4412,10.4175,29160,0
2026-02-25,Bergen Storsenter,60.3756,5.3488,57340,0
2026-02-25,Oslo City,59.9241,10.7713,77550,0
2026-02-25,Trondheim Torg,63.4412,10.4175,34410,0
2026-02-26,Bergen Storsenter,60.3756,5.3488,60190,0
2026-02-26,Oslo City,59.9241,10.7713,76910,0
2026-02-26,Trondheim Torg,63.4412,10.4175,37800,0
2026-02-27,Bergen Storsenter,60.3756,5.3488,87510,0
2026-02-27,Oslo City,59.9241,10.7713,119240,0
2026-02-27,Trondheim Torg,63.4412,10.4175,43730,0
2026-02-28,Bergen Storsenter,60.3756,5.3488,80940,0
2026-02-28,Oslo City,59.9241,10.7713,141950,0
2026-02-28,Trondheim Torg,63.4412,10.4175,46670,0
2026-03-01,Bergen Storsenter,60.3756,5.3488,25460,1
2026-03-01,Oslo City,59.9241,10.7713,42710,0
2026-03-01,Trondheim Torg,63.4412,10.4175,14850,0
2026-03-02,Bergen Storsenter,60.3756,5.3488,45980,0
2026-03-02,Oslo City,59.9241,10.7713,74370,0
2026-03-02,Trondheim Torg,63.4412,10.4175,29410,0
2026-03-03,Bergen Storsenter,60.3756,5.3488,45360,0
2026-03-03,Oslo City,59.9241,10.7713,87150,0
2026-03-03,Trondheim Torg,63.4412,10.4175,30490,0
2026-03-04,Bergen Storsenter,60.3756,5.3488,48720,0
2026-03-04,Oslo City,59.9241,10.7713,104070,0
2026-03-04,Trondheim Torg,63.4412,10.4175,31990,0
2026-03-05,Bergen Storsenter,60.3756,5.3488,57900,0
2026-03-05,Oslo City,59.9241,10.7713,111200,0
2026-03-05,Trondheim Torg,63.4412,10.4175,40240,0
2026-03-06,Bergen Storsenter,60.3756,5.3488,76880,0
2026-03-06,Oslo City,59.9241,10.7713,123500,0
2026-03-06,Trondheim Torg,63.4412,10.4175,42170,0
2026-03-07,Bergen Storsenter,60.3756,5.3488,75390,0
2026-03-07,Oslo City,59.9241,10.7713,143220,0
2026-03-07,Trondheim Torg,63.4412,10.4175,47170,0
2026-03-08,Bergen Storsenter,60.3756,5.3488,22080,0
2026-03-08,Oslo City,59.9241,10.7713,39750,0
2026-03-08,Trondheim Torg,63.4412,10.4175,15580,0
2026-03-09,Bergen Storsenter,60.3756,5.3488,44430,0
2026-03-09,Oslo City,59.9241,10.7713,103070,1
2026-03-09,Trondheim Torg,63.4412,10.4175,36580,1
2026-03-10,Bergen Storsenter,60.3756,5.3488,41420,0
2026-03-10,Oslo City,59.9241,10.7713,63370,0
2026-03-10,Trondheim Torg,63.4412,10.4175,37390,0
2026-03-11,Bergen Storsenter,60.3756,5.3488,54200,0
2026-03-11,Oslo City,59.9241,10.7713,79390,0
2026-03-11,Trondheim Torg,63.4412,10.4175,43980,0
2026-03-12,Bergen Storsenter,60.3756,5.3488,50100,0
2026-03-12,Oslo City,59.9241,10.7713,101120,0
2026-03-12,Trondheim Torg,63.4412,10.4175,31620,0
2026-03-13,Bergen Storsenter,60.3756,5.3488,68730,0
2026-03-13,Oslo City,59.9241,10.7713,133960,0
2026-03-13,Trondheim Torg,63.4412,10.4175,45910,0
2026-03-14,Bergen Storsenter,60.3756,5.3488,79520,0
2026-03-14,Oslo City,59.9241,10.7713,138230,0
2026-03-14,Trondheim Torg,63.4412,10.4175,46590,0
2026-03-15,Bergen Storsenter,60.3756,5.3488,20760,0
2026-03-15,Oslo City,59.9241,10.7713,44180,0
2026-03-15,Trondheim Torg,63.4412,10.4175,15850,0
2026-03-16,Bergen Storsenter,60.3756,5.3488,54170,1
2026-03-16,Oslo City,59.9241,10.7713,65110,0
2026-03-16,Trondheim Torg,63.4412,10.4175,37720,0
2026-03-17,Bergen Storsenter,60.3756,5.3488,45510,0
2026-03-17,Oslo City,59.9241,10.7713,69480,0
2026-03-17,Trondheim Torg,63.4412,10.4175,33060,0
2026-03-18,Bergen Storsenter,60.3756,5.3488,43320,0
2026-03-18,Oslo City,59.9241,10.7713,69230,0
2026-03-18,Trondheim Torg,63.4412,10.4175,37190,0
2026-03-19,Bergen Storsenter,60.3756,5.3488,52280,0
2026-03-19,Oslo City,59.9241,10.7713,90190,0
2026-03-19,Trondheim Torg,63.4412,10.4175,38180,0
2026-03-20,Bergen Storsenter,60.3756,5.3488,67410,0
2026-03-20,Oslo City,59.9241,10.7713,127490,0
2026-03-20,Trondheim Torg,63.4412,10.4175,54870,0
2026-03-21,Bergen Storsenter,60.3756,5.3488,94030,0
2026-03-21,Oslo City,59.9241,10.7713,129100,0
2026-03-21,Trondheim Torg,63.4412,10.4175,46510,0
2026-03-22,Bergen Storsenter,60.3756,5.3488,22250,0
2026-03-22,Oslo City,59.9241,10.7713,40480,0
2026-03-22,Trondheim Torg,63.4412,10.4175,15840,0
2026-03-23,Bergen Storsenter,60.3756,5.3488,41230,0
2026-03-23,Oslo City,59.9241,10.7713,68090,0
2026-03-23,Trondheim Torg,63.4412,10.4175,25730,0
2026-03-24,Bergen Storsenter,60.3756,5.3488,47470,0
2026-03-24,Oslo City,59.9241,10.7713,70270,1
2026-03-24,Trondheim Torg,63.4412,10.4175,39510,1
2026-03-25,Bergen Storsenter,60.3756,5.3488,43310,0
2026-03-25,Oslo City,59.9241,10.7713,88570,0
2026-03-25,Trondheim Torg,63.4412,10.4175,34600,0
2026-03-26,Bergen Storsenter,60.3756,5.3488,43510,0
2026-03-26,Oslo City,59.9241,10.7713,81800,0
2026-03-26,Trondheim Torg,63.4412,10.4175,27470,0
2026-03-27,Bergen Storsenter,60.3756,5.3488,59910,0
2026-03-27,Oslo City,59.9241,10.7713,103730,0
2026-03-27,Trondheim Torg,63.4412,10.4175,37890,0
2026-03-28,Bergen Storsenter,60.3756,5.3488,61780,0
2026-03-28,Oslo City,59.9241,10.7713,117410,0
2026-03-28,Trondheim Torg,63.4412,10.4175,48180,0
2026-03-29,Bergen Storsenter,60.3756,5.3488,21480,0
2026-03-29,Oslo City,59.9241,10.7713,38420,0
2026-03-29,Trondheim Torg,63.4412,10.4175,11300,0
2026-03-30,Bergen Storsenter,60.3756,5.3488,42090,0
2026-03-30,Oslo City,59.9241,10.7713,70470,0
2026-03-30,Trondheim Torg,63.4412,10.4175,28860,0
2026-03-31,Bergen Storsenter,60.3756,5.3488,38240,0
2026-03-31,Oslo City,59.9241,10.7713,68420,0
2026-03-31,Trondheim Torg,63.4412,10.4175,30110,0
2026-04-01,Bergen Storsenter,60.3756,5.3488,49220,0
2026-04-01,Oslo City,59.9241,10.7713,77500,0
2026-04-01,Trondheim Torg,63.4412,10.4175,27040,0
2026-04-02,Bergen Storsenter,60.3756,5.3488,0,0
2026-04-02,Oslo City,59.9241,10.7713,0,0
2026-04-02,Trondheim Torg,63.4412,10.4175,0,0
2026-04-03,Bergen Storsenter,60.3756,5.3488,0,0
2026-04-03,Oslo City,59.9241,10.7713,0,0
2026-04-03,Trondheim Torg,63.4412,10.4175,0,0
2026-04-04,Bergen Storsenter,60.3756,5.3488,60590,0
2026-04-04,Oslo City,59.9241,10.7713,118590,0
2026-04-04,Trondheim Torg,63.4412,10.4175,46480,0
2026-04-05,Bergen Storsenter,60.3756,5.3488,20900,0
2026-04-05,Oslo City,59.9241,10.7713,45010,0
2026-04-05,Trondheim Torg,63.4412,10.4175,12450,0
2026-04-06,Bergen Storsenter,60.3756,5.3488,0,0
2026-04-06,Oslo City,59.9241,10.7713,0,0
2026-04-06,Trondheim Torg,63.4412,10.4175,0,0
2026-04-07,Bergen Storsenter,60.3756,5.3488,40520,0
2026-04-07,Oslo City,59.9241,10.7713,60100,0
2026-04-07,Trondheim Torg,63.4412,10.4175,23230,0
2026-04-08,Bergen Storsenter,60.3756,5.3488,38380,1
2026-04-08,Oslo City,59.9241,10.7713,58270,0
2026-04-08,Trondheim Torg,63.4412,10.4175,20920,0
2026-04-09,Bergen Storsenter,60.3756,5.3488,48540,0
2026-04-09,Oslo City,59.9241,10.7713,73010,0
2026-04-09,Trondheim Torg,63.4412,10.4175,35940,0
2026-04-10,Bergen Storsenter,60.3756,5.3488,61740,0
2026-04-10,Oslo City,59.9241,10.7713,93940,0
2026-04-10,Trondheim Torg,63.4412,10.4175,47120,0
2026-04-11,Bergen Storsenter,60.3756,5.3488,54790,0
2026-04-11,Oslo City,59.9241,10.7713,102550,0
2026-04-11,Trondheim Torg,63.4412,10.4175,57670,0
2026-04-12,Bergen Storsenter,60.3756,5.3488,20560,0
2026-04-12,Oslo City,59.9241,10.7713,30420,0
2026-04-12,Trondheim Torg,63.4412,10.4175,17600,0
2026-04-13,Bergen Storsenter,60.3756,5.3488,39980,0
2026-04-13,Oslo City,59.9241,10.7713,60800,0
2026-04-13,Trondheim Torg,63.4412,10.4175,29280,0
2026-04-14,Bergen Storsenter,60.3756,5.3488,39420,0
2026-04-14,Oslo City,59.9241,10.7713,56090,0
2026-04-14,Trondheim Torg,63.4412,10.4175,24780,0
2026-04-15,Bergen Storsenter,60.3756,5.3488,41930,0
2026-04-15,Oslo City,59.9241,10.7713,60570,0
2026-04-15,Trondheim Torg,63.4412,10.4175,35250,0
2026-04-16,Bergen Storsenter,60.3756,5.3488,42000,0
2026-04-16,Oslo City,59.9241,10.7713,81020,1
2026-04-16,Trondheim Torg,63.4412,10.4175,47480,1
2026-04-17,Bergen Storsenter,60.3756,5.3488,65170,0
2026-04-17,Oslo City,59.9241,10.7713,87440,0
2026-04-17,Trondheim Torg,63.4412,10.4175,39190,0
2026-04-18,Bergen Storsenter,60.3756,5.3488,63000,0
2026-04-18,Oslo City,59.9241,10.7713,103410,0
2026-04-18,Trondheim Torg,63.4412,10.4175,49160,0
2026-04-19,Bergen Storsenter,60.3756,5.3488,20940,0
2026-04-19,Oslo City,59.9241,10.7713,26510,0
2026-04-19,Trondheim Torg,63.4412,10.4175,15840,0
2026-04-20,Bergen Storsenter,60.3756,5.3488,41190,0
2026-04-20,Oslo City,59.9241,10.7713,67910,0
2026-04-20,Trondheim Torg,63.4412,10.4175,27500,0
2026-04-21,Bergen Storsenter,60.3756,5.3488,46750,0
2026-04-21,Oslo City,59.9241,10.7713,57590,0
2026-04-21,Trondheim Torg,63.4412,10.4175,25310,0
2026-04-22,Bergen Storsenter,60.3756,5.3488,43430,0
2026-04-22,Oslo City,59.9241,10.7713,73790,0
2026-04-22,Trondheim Torg,63.4412,10.4175,24070,0
2026-04-23,Bergen Storsenter,60.3756,5.3488,54920,1
2026-04-23,Oslo City,59.9241,10.7713,72750,0
2026-04-23,Trondheim Torg,63.4412,10.4175,28870,0
2026-04-24,Bergen Storsenter,60.3756,5.3488,59300,0
2026-04-24,Oslo City,59.9241,10.7713,101470,0
2026-04-24,Trondheim Torg,63.4412,10.4175,27950,0
2026-04-25,Bergen Storsenter,60.3756,5.3488,52900,0
2026-04-25,Oslo City,59.9241,10.7713,113090,0
2026-04-25,Trondheim Torg,63.4412,10.4175,39340,0
2026-04-26,Bergen Storsenter,60.3756,5.3488,17060,0
2026-04-26,Oslo City,59.9241,10.7713,27950,0
2026-04-26,Trondheim Torg,63.4412,10.4175,11870,0
2026-04-27,Bergen Storsenter,60.3756,5.3488,38070,0
2026-04-27,Oslo City,59.9241,10.7713,55810,0
2026-04-27,Trondheim Torg,63.4412,10.4175,22300,0
2026-04-28,Bergen Storsenter,60.3756,5.3488,34050,0
2026-04-28,Oslo City,59.9241,10.7713,61660,0
2026-04-28,Trondheim Torg,63.4412,10.4175,22180,0
2026-04-29,Bergen Storsenter,60.3756,5.3488,36670,0
2026-04-29,Oslo City,59.9241,10.7713,63270,0
2026-04-29,Trondheim Torg,63.4412,10.4175,24830,0
2026-04-30,Bergen Storsenter,60.3756,5.3488,41820,0
2026-04-30,Oslo City,59.9241,10.7713,70260,0
2026-04-30,Trondheim Torg,63.4412,10.4175,24800,0
2026-05-01,Bergen Storsenter,60.3756,5.3488,0,0
2026-05-01,Oslo City,59.9241,10.7713,0,0
2026-05-01,Trondheim Torg,63.4412,10.4175,0,0
2026-05-02,Bergen Storsenter,60.3756,5.3488,58940,0
2026-05-02,Oslo City,59.9241,10.7713,106220,0
2026-05-02,Trondheim Torg,63.4412,10.4175,38750,0
2026-05-03,Bergen Storsenter,60.3756,5.3488,17460,0
2026-05-03,Oslo City,59.9241,10.7713,28280,0
2026-05-03,Trondheim Torg,63.4412,10.4175,11220,0
2026-05-04,Bergen Storsenter,60.3756,5.3488,33460,0
2026-05-04,Oslo City,59.9241,10.7713,57010,0
2026-05-04,Trondheim Torg,63.4412,10.4175,18110,0
2026-05-05,Bergen Storsenter,60.3756,5.3488,42360,0
2026-05-05,Oslo City,59.9241,10.7713,53250,0
2026-05-05,Trondheim Torg,63.4412,10.4175,22630,0
2026-05-06,Bergen Storsenter,60.3756,5.3488,34940,0
2026-05-06,Oslo City,59.9241,10.7713,55610,0
2026-05-06,Trondheim Torg,63.4412,10.4175,24950,0
2026-05-07,Bergen Storsenter,60.3756,5.3488,38450,0
2026-05-07,Oslo City,59.9241,10.7713,75120,0
2026-05-07,Trondheim Torg,63.4412,10.4175,28710,0
2026-05-08,Bergen Storsenter,60.3756,5.3488,61120,1
2026-05-08,Oslo City,59.9241,10.7713,113120,0
2026-05-08,Trondheim Torg,63.4412,10.4175,38460,0
2026-05-09,Bergen Storsenter,60.3756,5.3488,59700,0
2026-05-09,Oslo City,59.9241,10.7713,92260,0
2026-05-09,Trondheim Torg,63.4412,10.4175,36590,0
2026-05-10,Bergen Storsenter,60.3756,5.3488,20080,0
2026-05-10,Oslo City,59.9241,10.7713,35740,0
2026-05-10,Trondheim Torg,63.4412,10.4175,11610,0
2026-05-11,Bergen Storsenter,60.3756,5.3488,38470,0
2026-05-11,Oslo City,59.9241,10.7713,57570,0
2026-05-11,Trondheim Torg,63.4412,10.4175,23180,0
2026-05-12,Bergen Storsenter,60.3756,5.3488,36450,0
2026-05-12,Oslo City,59.9241,10.7713,55400,0
2026-05-12,Trondheim Torg,63.4412,10.4175,23300,0
2026-05-13,Bergen Storsenter,60.3756,5.3488,35060,0
2026-05-13,Oslo City,59.9241,10.7713,55360,0
2026-05-13,Trondheim Torg,63.4412,10.4175,24030,0
2026-05-14,Bergen Storsenter,60.3756,5.3488,0,0
2026-05-14,Oslo City,59.9241,10.7713,0,0
2026-05-14,Trondheim Torg,63.4412,10.4175,0,0
2026-05-15,Bergen Storsenter,60.3756,5.3488,54150,0
2026-05-15,Oslo City,59.9241,10.7713,84100,0
2026-05-15,Trondheim Torg,63.4412,10.4175,35640,0
2026-05-16,Bergen Storsenter,60.3756,5.3488,58260,0
2026-05-16,Oslo City,59.9241,10.7713,114950,1
2026-05-16,Trondheim Torg,63.4412,10.4175,44020,1
2026-05-17,Bergen Storsenter,60.3756,5.3488,0,0
2026-05-17,Oslo City,59.9241,10.7713,0,0
2026-05-17,Trondheim Torg,63.4412,10.4175,0,0
2026-05-18,Bergen Storsenter,60.3756,5.3488,32620,0
2026-05-18,Oslo City,59.9241,10.7713,51750,0
2026-05-18,Trondheim Torg,63.4412,10.4175,21420,0
2026-05-19,Bergen Storsenter,60.3756,5.3488,33310,0
2026-05-19,Oslo City,59.9241,10.7713,57010,0
2026-05-19,Trondheim Torg,63.4412,10.4175,22940,0
2026-05-20,Bergen Storsenter,60.3756,5.3488,36270,0
2026-05-20,Oslo City,59.9241,10.7713,62100,0
2026-05-20,Trondheim Torg,63.4412,10.4175,22840,0
2026-05-21,Bergen Storsenter,60.3756,5.3488,35400,0
2026-05-21,Oslo City,59.9241,10.7713,55490,0
2026-05-21,Trondheim Torg,63.4412,10.4175,21680,0
2026-05-22,Bergen Storsenter,60.3756,5.3488,47760,0
2026-05-22,Oslo City,59.9241,10.7713,86860,0
2026-05-22,Trondheim Torg,63.4412,10.4175,29350,0
2026-05-23,Bergen Storsenter,60.3756,5.3488,54170,0
2026-05-23,Oslo City,59.9241,10.7713,79970,0
2026-05-23,Trondheim Torg,63.4412,10.4175,31490,0
2026-05-24,Bergen Storsenter,60.3756,5.3488,16700,0
2026-05-24,Oslo City,59.9241,10.7713,25230,0
2026-05-24,Trondheim Torg,63.4412,10.4175,11100,0
2026-05-25,Bergen Storsenter,60.3756,5.3488,0,0
2026-05-25,Oslo City,59.9241,10.7713,0,0
2026-05-25,Trondheim Torg,63.4412,10.4175,0,0
2026-05-26,Bergen Storsenter,60.3756,5.3488,30180,0
2026-05-26,Oslo City,59.9241,10.7713,48860,0
2026-05-26,Trondheim Torg,63.4412,10.4175,20660,0
2026-05-27,Bergen Storsenter,60.3756,5.3488,34490,0
2026-05-27,Oslo City,59.9241,10.7713,49470,0
2026-05-27,Trondheim Torg,63.4412,10.4175,21040,0
2026-05-28,Bergen Storsenter,60.3756,5.3488,37170,0
2026-05-28,Oslo City,59.9241,10.7713,57880,0
2026-05-28,Trondheim Torg,63.4412,10.4175,22140,0
2026-05-29,Bergen Storsenter,60.3756,5.3488,51030,0
2026-05-29,Oslo City,59.9241,10.7713,73450,0
2026-05-29,Trondheim Torg,63.4412,10.4175,30310,0
2026-05-30,Bergen Storsenter,60.3756,5.3488,49510,0
2026-05-30,Oslo City,59.9241,10.7713,105710,0
2026-05-30,Trondheim Torg,63.4412,10.4175,31300,0
2026-05-31,Bergen Storsenter,60.3756,5.3488,21910,1
2026-05-31,Oslo City,59.9241,10.7713,27260,0
2026-05-31,Trondheim Torg,63.4412,10.4175,7740,0
2026-06-01,Bergen Storsenter,60.3756,5.3488,28880,0
2026-06-01,Oslo City,59.9241,10.7713,59580,0
2026-06-01,Trondheim Torg,63.4412,10.4175,18960,0
2026-06-02,Bergen Storsenter,60.3756,5.3488,36230,0
2026-06-02,Oslo City,59.9241,10.7713,50630,0
2026-06-02,Trondheim Torg,63.4412,10.4175,17510,0
2026-06-03,Bergen Storsenter,60.3756,5.3488,31870,0
2026-06-03,Oslo City,59.9241,10.7713,56840,0
2026-06-03,Trondheim Torg,63.4412,10.4175,24540,0
2026-06-04,Bergen Storsenter,60.3756,5.3488,34710,0
2026-06-04,Oslo City,59.9241,10.7713,65080,0
2026-06-04,Trondheim Torg,63.4412,10.4175,23160,0
2026-06-05,Bergen Storsenter,60.3756,5.3488,50780,0
2026-06-05,Oslo City,59.9241,10.7713,77310,0
2026-06-05,Trondheim Torg,63.4412,10.4175,30280,0
2026-06-06,Bergen Storsenter,60.3756,5.3488,57190,0
2026-06-06,Oslo City,59.9241,10.7713,97700,0
2026-06-06,Trondheim Torg,63.4412,10.4175,35940,0
2026-06-07,Bergen Storsenter,60.3756,5.3488,12990,0
2026-06-07,Oslo City,59.9241,10.7713,30470,0
2026-06-07,Trondheim Torg,63.4412,10.4175,10480,0
2026-06-08,Bergen Storsenter,60.3756,5.3488,33110,0
2026-06-08,Oslo City,59.9241,10.7713,67160,1
2026-06-08,Trondheim Torg,63.4412,10.4175,24940,1
2026-06-09,Bergen Storsenter,60.3756,5.3488,36070,0
2026-06-09,Oslo City,59.9241,10.7713,59540,0
2026-06-09,Trondheim Torg,63.4412,10.4175,22660,0
2026-06-10,Bergen Storsenter,60.3756,5.3488,31960,0
2026-06-10,Oslo City,59.9241,10.7713,51220,0
2026-06-10,Trondheim Torg,63.4412,10.4175,20810,0
2026-06-11,Bergen Storsenter,60.3756,5.3488,46230,0
2026-06-11,Oslo City,59.9241,10.7713,66850,0
2026-06-11,Trondheim Torg,63.4412,10.4175,26010,0
2026-06-12,Bergen Storsenter,60.3756,5.3488,49510,0
2026-06-12,Oslo City,59.9241,10.7713,101130,0
2026-06-12,Trondheim Torg,63.4412,10.4175,40890,0
2026-06-13,Bergen Storsenter,60.3756,5.3488,57750,0
2026-06-13,Oslo City,59.9241,10.7713,124090,0
2026-06-13,Trondheim Torg,63.4412,10.4175,38830,0
2026-06-14,Bergen Storsenter,60.3756,5.3488,15820,0
2026-06-14,Oslo City,59.9241,10.7713,35350,0
2026-06-14,Trondheim Torg,63.4412,10.4175,12520,0
2026-06-15,Bergen Storsenter,60.3756,5.3488,38620,1
2026-06-15,Oslo City,59.9241,10.7713,60530,0
2026-06-15,Trondheim Torg,63.4412,10.4175,27310,0
2026-06-16,Bergen Storsenter,60.3756,5.3488,28980,0
2026-06-16,Oslo City,59.9241,10.7713,55040,0
2026-06-16,Trondheim Torg,63.4412,10.4175,21140,0
2026-06-17,Bergen Storsenter,60.3756,5.3488,38120,0
2026-06-17,Oslo City,59.9241,10.7713,62900,0
2026-06-17,Trondheim Torg,63.4412,10.4175,21860,0
2026-06-18,Bergen Storsenter,60.3756,5.3488,37240,0
2026-06-18,Oslo City,59.9241,10.7713,62530,0
2026-06-18,Trondheim Torg,63.4412,10.4175,22150,0
2026-06-19,Bergen Storsenter,60.3756,5.3488,44660,0
2026-06-19,Oslo City,59.9241,10.7713,85440,0
2026-06-19,Trondheim Torg,63.4412,10.4175,32120,0
2026-06-20,Bergen Storsenter,60.3756,5.3488,50330,0
2026-06-20,Oslo City,59.9241,10.7713,96820,0
2026-06-20,Trondheim Torg,63.4412,10.4175,34720,0
2026-06-21,Bergen Storsenter,60.3756,5.3488,14990,0
2026-06-21,Oslo City,59.9241,10.7713,27370,0
2026-06-21,Trondheim Torg,63.4412,10.4175,9510,0
2026-06-22,Bergen Storsenter,60.3756,5.3488,36350,0
2026-06-22,Oslo City,59.9241,10.7713,61530,0
2026-06-22,Trondheim Torg,63.4412,10.4175,19790,0
2026-06-23,Bergen Storsenter,60.3756,5.3488,34070,0
2026-06-23,Oslo City,59.9241,10.7713,67000,1
2026-06-23,Trondheim Torg,63.4412,10.4175,24540,1
2026-06-24,Bergen Storsenter,60.3756,5.3488,36880,0
2026-06-24,Oslo City,59.9241,10.7713,52290,0
2026-06-24,Trondheim Torg,63.4412,10.4175,26610,0
2026-06-25,Bergen Storsenter,60.3756,5.3488,40020,0
2026-06-25,Oslo City,59.9241,10.7713,60390,0
2026-06-25,Trondheim Torg,63.4412,10.4175,23870,0
2026-06-26,Bergen Storsenter,60.3756,5.3488,54490,0
2026-06-26,Oslo City,59.9241,10.7713,86160,0
2026-06-26,Trondheim Torg,63.4412,10.4175,39530,0
2026-06-27,Bergen Storsenter,60.3756,5.3488,52120,0
2026-06-27,Oslo City,59.9241,10.7713,93160,0
2026-06-27,Trondheim Torg,63.4412,10.4175,37390,0
2026-06-28,Bergen Storsenter,60.3756,5.3488,16090,0
2026-06-28,Oslo City,59.9241,10.7713,23090,0
2026-06-28,Trondheim Torg,63.4412,10.4175,12640,0
2026-06-29,Bergen Storsenter,60.3756,5.3488,35560,1
2026-06-29,Oslo City,59.9241,10.7713,70940,1
2026-06-29,Trondheim Torg,63.4412,10.4175,25340,1
2026-06-30,Bergen Storsenter,60.3756,5.3488,32640,1
2026-06-30,Oslo City,59.9241,10.7713,69260,1
2026-06-30,Trondheim Torg,63.4412,10.4175,23420,1
2026-07-01,Bergen Storsenter,60.3756,5.3488,38610,1
2026-07-01,Oslo City,59.9241,10.7713,85830,1
2026-07-01,Trondheim Torg,63.4412,10.4175,22960,1
2026-07-02,Bergen Storsenter,60.3756,5.3488,44030,1
2026-07-02,Oslo City,59.9241,10.7713,81430,1
2026-07-02,Trondheim Torg,63.4412,10.4175,26270,1
2026-07-03,Bergen Storsenter,60.3756,5.3488,64170,1
2026-07-03,Oslo City,59.9241,10.7713,110400,1
2026-07-03,Trondheim Torg,63.4412,10.4175,36960,1
2026-07-04,Bergen Storsenter,60.3756,5.3488,73130,1
2026-07-04,Oslo City,59.9241,10.7713,111990,1
2026-07-04,Trondheim Torg,63.4412,10.4175,50100,1
2026-07-05,Bergen Storsenter,60.3756,5.3488,17470,1
2026-07-05,Oslo City,59.9241,10.7713,35620,1
2026-07-05,Trondheim Torg,63.4412,10.4175,15300,1
2026-07-06,Bergen Storsenter,60.3756,5.3488,45710,1
2026-07-06,Oslo City,59.9241,10.7713,69220,1
2026-07-06,Trondheim Torg,63.4412,10.4175,24060,1
2026-07-07,Bergen Storsenter,60.3756,5.3488,38000,1
2026-07-07,Oslo City,59.9241,10.7713,78730,1
2026-07-07,Trondheim Torg,63.4412,10.4175,25330,1
2026-07-08,Bergen Storsenter,60.3756,5.3488,40960,1
2026-07-08,Oslo City,59.9241,10.7713,75110,1
2026-07-08,Trondheim Torg,63.4412,10.4175,23000,1
2026-07-09,Bergen Storsenter,60.3756,5.3488,43880,1
2026-07-09,Oslo City,59.9241,10.7713,79220,1
2026-07-09,Trondheim Torg,63.4412,10.4175,24930,1
2026-07-10,Bergen Storsenter,60.3756,5.3488,67510,1
2026-07-10,Oslo City,59.9241,10.7713,104980,1
2026-07-10,Trondheim Torg,63.4412,10.4175,34020,1
2026-07-11,Bergen Storsenter,60.3756,5.3488,71600,1
2026-07-11,Oslo City,59.9241,10.7713,140800,1
2026-07-11,Trondheim Torg,63.4412,10.4175,36920,1
2026-07-12,Bergen Storsenter,60.3756,5.3488,20010,1
2026-07-12,Oslo City,59.9241,10.7713,38890,1
2026-07-12,Trondheim Torg,63.4412,10.4175,11940,1
2026-07-13,Bergen Storsenter,60.3756,5.3488,44930,1
2026-07-13,Oslo City,59.9241,10.7713,64620,1
2026-07-13,Trondheim Torg,63.4412,10.4175,21560,1
2026-07-14,Bergen Storsenter,60.3756,5.3488,42980,1
2026-07-14,Oslo City,59.9241,10.7713,76720,1
2026-07-14,Trondheim Torg,63.4412,10.4175,22930,1
2026-07-15,Bergen Storsenter,60.3756,5.3488,40330,1
2026-07-15,Oslo City,59.9241,10.7713,71410,1
2026-07-15,Trondheim Torg,63.4412,10.4175,28160,1
2026-07-16,Bergen Storsenter,60.3756,5.3488,45560,1
2026-07-16,Oslo City,59.9241,10.7713,79320,1
2026-07-16,Trondheim Torg,63.4412,10.4175,28670,1
2026-07-17,Bergen Storsenter,60.3756,5.3488,55590,1
2026-07-17,Oslo City,59.9241,10.7713,118450,1
2026-07-17,Trondheim Torg,63.4412,10.4175,31200,1
2026-07-18,Bergen Storsenter,60.3756,5.3488,66590,1
2026-07-18,Oslo City,59.9241,10.7713,107770,1
2026-07-18,Trondheim Torg,63.4412,10.4175,35880,1
2026-07-19,Bergen Storsenter,60.3756,5.3488,18390,1
2026-07-19,Oslo City,59.9241,10.7713,34760,1
2026-07-19,Trondheim Torg,63.4412,10.4175,10530,1
2026-07-20,Bergen Storsenter,60.3756,5.3488,32400,0
2026-07-20,Oslo City,59.9241,10.7713,63220,0
2026-07-20,Trondheim Torg,63.4412,10.4175,19590,0
2026-07-21,Bergen Storsenter,60.3756,5.3488,34270,0
2026-07-21,Oslo City,59.9241,10.7713,72560,0
2026-07-21,Trondheim Torg,63.4412,10.4175,22490,0
2026-07-22,Bergen Storsenter,60.3756,5.3488,37440,0
2026-07-22,Oslo City,59.9241,10.7713,64060,0
2026-07-22,Trondheim Torg,63.4412,10.4175,25300,0
2026-07-23,Bergen Storsenter,60.3756,5.3488,58670,1
2026-07-23,Oslo City,59.9241,10.7713,76130,0
2026-07-23,Trondheim Torg,63.4412,10.4175,24660,0
2026-07-24,Bergen Storsenter,60.3756,5.3488,61040,0
2026-07-24,Oslo City,59.9241,10.7713,99840,0
2026-07-24,Trondheim Torg,63.4412,10.4175,33610,0
2026-07-25,Bergen Storsenter,60.3756,5.3488,64310,0
2026-07-25,Oslo City,59.9241,10.7713,113250,0
2026-07-25,Trondheim Torg,63.4412,10.4175,39980,0
2026-07-26,Bergen Storsenter,60.3756,5.3488,19960,0
2026-07-26,Oslo City,59.9241,10.7713,41020,0
2026-07-26,Trondheim Torg,63.4412,10.4175,11560,0
2026-07-27,Bergen Storsenter,60.3756,5.3488,34320,0
2026-07-27,Oslo City,59.9241,10.7713,75370,0
2026-07-27,Trondheim Torg,63.4412,10.4175,20730,0
2026-07-28,Bergen Storsenter,60.3756,5.3488,43730,0
2026-07-28,Oslo City,59.9241,10.7713,64390,0
2026-07-28,Trondheim Torg,63.4412,10.4175,22810,0
2026-07-29,Bergen Storsenter,60.3756,5.3488,30520,0
2026-07-29,Oslo City,59.9241,10.7713,78860,0
2026-07-29,Trondheim Torg,63.4412,10.4175,19540,0
2026-07-30,Bergen Storsenter,60.3756,5.3488,45870,0
2026-07-30,Oslo City,59.9241,10.7713,90330,0
2026-07-30,Trondheim Torg,63.4412,10.4175,26350,0
2026-07-31,Bergen Storsenter,60.3756,5.3488,61490,0
2026-07-31,Oslo City,59.9241,10.7713,135610,1
2026-07-31,Trondheim Torg,63.4412,10.4175,35830,1
2026-08-01,Bergen Storsenter,60.3756,5.3488,65890,0
2026-08-01,Oslo City,59.9241,10.7713,116420,0
2026-08-01,Trondheim Torg,63.4412,10.4175,40010,0
2026-08-02,Bergen Storsenter,60.3756,5.3488,23530,0
2026-08-02,Oslo City,59.9241,10.7713,35140,0
2026-08-02,Trondheim Torg,63.4412,10.4175,11550,0
2026-08-03,Bergen Storsenter,60.3756,5.3488,34170,0
2026-08-03,Oslo City,59.9241,10.7713,61820,0
2026-08-03,Trondheim Torg,63.4412,10.4175,19320,0
2026-08-04,Bergen Storsenter,60.3756,5.3488,43130,0
2026-08-04,Oslo City,59.9241,10.7713,66550,0
2026-08-04,Trondheim Torg,63.4412,10.4175,22080,0
2026-08-05,Bergen Storsenter,60.3756,5.3488,45910,0
2026-08-05,Oslo City,59.9241,10.7713,77310,0
2026-08-05,Trondheim Torg,63.4412,10.4175,23900,0
2026-08-06,Bergen Storsenter,60.3756,5.3488,42230,0
2026-08-06,Oslo City,59.9241,10.7713,87090,0
2026-08-06,Trondheim Torg,63.4412,10.4175,30190,0
2026-08-07,Bergen Storsenter,60.3756,5.3488,67640,1
2026-08-07,Oslo City,59.9241,10.7713,109540,0
2026-08-07,Trondheim Torg,63.4412,10.4175,41130,0
2026-08-08,Bergen Storsenter,60.3756,5.3488,64490,0
2026-08-08,Oslo City,59.9241,10.7713,121900,0
2026-08-08,Trondheim Torg,63.4412,10.4175,41060,0
2026-08-09,Bergen Storsenter,60.3756,5.3488,21750,0
2026-08-09,Oslo City,59.9241,10.7713,40520,0
2026-08-09,Trondheim Torg,63.4412,10.4175,13550,0
2026-08-10,Bergen Storsenter,60.3756,5.3488,39310,0
2026-08-10,Oslo City,59.9241,10.7713,74500,0
2026-08-10,Trondheim Torg,63.4412,10.4175,22510,0
2026-08-11,Bergen Storsenter,60.3756,5.3488,42910,0
2026-08-11,Oslo City,59.9241,10.7713,76260,0
2026-08-11,Trondheim Torg,63.4412,10.4175,25370,0
2026-08-12,Bergen Storsenter,60.3756,5.3488,43920,0
2026-08-12,Oslo City,59.9241,10.7713,71810,0
2026-08-12,Trondheim Torg,63.4412,10.4175,27910,0
2026-08-13,Bergen Storsenter,60.3756,5.3488,49710,0
2026-08-13,Oslo City,59.9241,10.7713,84930,0
2026-08-13,Trondheim Torg,63.4412,10.4175,30870,0
2026-08-14,Bergen Storsenter,60.3756,5.3488,58580,0
2026-08-14,Oslo City,59.9241,10.7713,114330,0
2026-08-14,Trondheim Torg,63.4412,10.4175,40750,0
2026-08-15,Bergen Storsenter,60.3756,5.3488,70610,0
2026-08-15,Oslo City,59.9241,10.7713,162480,1
2026-08-15,Trondheim Torg,63.4412,10.4175,52070,1
2026-08-16,Bergen Storsenter,60.3756,5.3488,21440,0
2026-08-16,Oslo City,59.9241,10.7713,39330,0
2026-08-16,Trondheim Torg,63.4412,10.4175,12690,0
2026-08-17,Bergen Storsenter,60.3756,5.3488,42860,0
2026-08-17,Oslo City,59.9241,10.7713,70660,0
2026-08-17,Trondheim Torg,63.4412,10.4175,24270,0
2026-08-18,Bergen Storsenter,60.3756,5.3488,43760,0
2026-08-18,Oslo City,59.9241,10.7713,80840,0
2026-08-18,Trondheim Torg,63.4412,10.4175,26180,0
2026-08-19,Bergen Storsenter,60.3756,5.3488,43240,0
2026-08-19,Oslo City,59.9241,10.7713,87990,0
2026-08-19,Trondheim Torg,63.4412,10.4175,26460,0
2026-08-20,Bergen Storsenter,60.3756,5.3488,51050,0
2026-08-20,Oslo City,59.9241,10.7713,98940,0
2026-08-20,Trondheim Torg,63.4412,10.4175,36180,0
2026-08-21,Bergen Storsenter,60.3756,5.3488,67830,0
2026-08-21,Oslo City,59.9241,10.7713,122210,0
2026-08-21,Trondheim Torg,63.4412,10.4175,51420,0
2026-08-22,Bergen Storsenter,60.3756,5.3488,86110,1
2026-08-22,Oslo City,59.9241,10.7713,154030,0
2026-08-22,Trondheim Torg,63.4412,10.4175,49980,0
2026-08-23,Bergen Storsenter,60.3756,5.3488,22370,0
2026-08-23,Oslo City,59.9241,10.7713,43500,0
2026-08-23,Trondheim Torg,63.4412,10.4175,16790,0
2026-08-24,Bergen Storsenter,60.3756,5.3488,45070,0
2026-08-24,Oslo City,59.9241,10.7713,81510,0
2026-08-24,Trondheim Torg,63.4412,10.4175,28370,0
2026-08-25,Bergen Storsenter,60.3756,5.3488,44760,0
2026-08-25,Oslo City,59.9241,10.7713,85510,0
2026-08-25,Trondheim Torg,63.4412,10.4175,30770,0
2026-08-26,Bergen Storsenter,60.3756,5.3488,41890,0
2026-08-26,Oslo City,59.9241,10.7713,89450,0
2026-08-26,Trondheim Torg,63.4412,10.4175,30390,0
2026-08-27,Bergen Storsenter,60.3756,5.3488,54750,0
2026-08-27,Oslo City,59.9241,10.7713,84520,0
2026-08-27,Trondheim Torg,63.4412,10.4175,33140,0
2026-08-28,Bergen Storsenter,60.3756,5.3488,74710,0
2026-08-28,Oslo City,59.9241,10.7713,111060,0
2026-08-28,Trondheim Torg,63.4412,10.4175,48400,0
2026-08-29,Bergen Storsenter,60.3756,5.3488,68780,0
2026-08-29,Oslo City,59.9241,10.7713,121930,0
2026-08-29,Trondheim Torg,63.4412,10.4175,38710,0
2026-08-30,Bergen Storsenter,60.3756,5.3488,21890,0
2026-08-30,Oslo City,59.9241,10.7713,38050,0
2026-08-30,Trondheim Torg,63.4412,10.4175,12070,0
2026-08-31,Bergen Storsenter,60.3756,5.3488,42530,0
2026-08-31,Oslo City,59.9241,10.7713,70500,0
2026-08-31,Trondheim Torg,63.4412,10.4175,22630,0
2026-09-01,Bergen Storsenter,60.3756,5.3488,41040,0
2026-09-01,Oslo City,59.9241,10.7713,75680,0
2026-09-01,Trondheim Torg,63.4412,10.4175,26670,0
2026-09-02,Bergen Storsenter,60.3756,5.3488,37580,0
2026-09-02,Oslo City,59.9241,10.7713,76930,0
2026-09-02,Trondheim Torg,63.4412,10.4175,25140,0
2026-09-03,Bergen Storsenter,60.3756,5.3488,46000,0
2026-09-03,Oslo City,59.9241,10.7713,82640,0
2026-09-03,Trondheim Torg,63.4412,10.4175,27560,0
